	0
R_CITtcp	9.93931762414968e-09
R_13BGH	0.025360775198464185
R_13BGHe	6.124835339298388e-09
R_13GS	0.030975728962697256
R_16GS	3.547250324677313e-21
R_23CAPPD	0.0
R_2DDA7Ptm	-0.05392448300025643
R_2DHPtm	0.004404041610640452
R_2DOXG6PP	0.0
R_2HBO	-0.002038801618802877
R_2HBt2	-0.002038801618802877
R_2HMHMBQMTm	0.0
R_2HP6MPMOm	0.0
R_2HPMBQMTm	0.0
R_2HPMMBQMOm	0.0
R_2MBACt	0.014538555796034799
R_EX_epistest_SC_e	0.0
R_EX_epist_e	0.0
R_2MBALDt	0.00016537533997340592
R_2MBALDtm	0.008062489995393607
R_2MBTOHt	0.1431407364512377
R_ACACT6p	1.5979565709245482e-07
R_2MBTOHtm	-0.008062489995393607
R_ACACT7p	1.7977265043405394e-07
R_2MPPALt	0.000437910446632217
R_ACACT8p	1.997254765838915e-07
R_ACACT9p	1.9893984664275386e-08
R_ACALDCD	0.20460956355644436
R_ACALDt	-0.028835330188101582
R_ACALDtm	-0.1183996572546645
R_ACCOAC	0.0019074959757502397
R_ACCOACrm	8.827024555735363e-08
R_AGAT_SC	0.0015052296095594757
R_AGPRim	0.1076817244499821
R_AGTi	0.00739632641955047
R_AHCYStm	1.1102230246251565e-16
R_ACCOAtn	0.0169697146642126
R_2MPPALtm	0.012504072599106686
R_ACESt	0.033380385443353915
R_ACGAM6PS	0.0
R_AHCi	0.02183564758109485
R_AHMMPS	9.871796260804313e-09
R_AHSERL	1.4471409792352405e-21
R_AHSERL2	0.033590684774530685
R_ACGAMPM	0.0
R_ACGKm	0.1076817244499821
R_2OBUTtm	0.15554549583824895
R_ACGSm	4.612837481913913e-18
R_2OXOADPtim	0.002143112950190358
R_ACHBSm	0.15905114292098138
R_ACHLE1	0.006588832787416673
R_2PHETOHt	-0.06949121750151388
R_ACHLE2	0.0043327264823290424
R_ACHLE3	0.0024593559508489377
R_ACLSm	0.2923546883518414
R_2PHETOHtm	0.0041691128639428365
R_ACOAHim	0.0011308719439217223
R_34HPLFM	9.957190733670363e-09
R_ACOAO4p	1.397987885195357e-07
R_AICART	0.004097394061014059
R_AIRCr	0.0005075624190689632
R_AKGDam	0.0006050101154474463
R_AKGDbm	0.0006050101154474062
R_ACOAO5p	1.4979725283943397e-07
R_ACOAO6p	1.5979565497587754e-07
R_ACOAO7p	1.797726483581769e-07
R_ACOAO8p	1.9972547459158594e-07
R_ACOAO9p	1.989398260068819e-08
R_AKGMAL	-0.00022370740157839908
R_AKGt2n	0.0
R_AKGt2r	-0.00022402501466400881
R_34HPPOR	2.2083540526709367e-19
R_AKGtp	9.209252138653312e-09
R_AKP1	0.0
R_ALASm	9.695121411184947e-09
R_ALATA_L	-0.39188064262546796
R_ALATA_Lm	-0.028972503378790426
R_ACOATA	0.0
R_ACOATAm	0.0
R_ACON3MT	0.0
R_ALATRS	1.9562850870048127e-21
R_34HPPt2m	0.006569277633943438
R_ALAt2r	-0.44427124551399677
R_ALAtmi	0.02897250337879044
R_ACONT	0.0768975869147861
R_ACONT3m	0.002081097572200319
R_ACONTm	0.015783721495630232
R_ACOTAim	0.1076817244499821
R_ALCD19y	7.3089098905751865e-09
R_ALCD22xi	0.14850553046656156
R_ALCD22xim	0.00806248999539359
R_34HPPt2p	1.937476235003288e-08
R_ALCD22yi	0.0011112717853173906
R_ALCD23xi	0.23176219399487302
R_ALCD23xim	0.012504072599106656
R_ALCD23yi	0.0005493071571739899
R_ALCD24xi	0.03581517525285155
R_ALCD24xim	0.0019612181140954833
R_ACP1e	9.795459568118646e-09
R_ACPSm	0.003947071645411449
R_ACRNtm	0.040274068379317796
R_ACRNtp	7.187289569950894e-07
R_ACS	0.20314286198715326
R_ACSm	0.008549359308947267
R_ACSp	0.0
R_ACt2r	-0.09841029421930944
R_ALCD24yi	8.488039739778895e-05
R_ALCD25xi	0.07637215577343774
R_ALCD25xim	0.004169112863942786
R_ALCD25yi	0.0001810071319252545
R_ACtm	-0.014976776495231658
R_3C3HMPt	6.994813506189246e-09
R_ACtp	-9.998663785815154e-09
R_ACtr	0.08835253718740366
R_ADA	0.007089293038397138
R_ADCL	0.001281427552174735
R_ALCD26xi	0.8098312666126108
R_ALCD26xim	0.041918713346605345
R_ALCD2x_copy1	0.5050837777854188
R_ALCD2ir	1.7849475141071651
R_ALCD2irm	0.09600439339440724
R_ADCS	0.001281427552174735
R_3C3HMPtm	-0.037835706596296315
R_ADD	0.007348902519552371
R_ADEt2	9.904419747603015e-09
R_ADEtm	0.0
R_ADHAPR_SC	0.0013437622799714747
R_ADK1	0.3176963942940483
R_ADK1m	-0.05599641053841334
R_ADK3	0.06704565845968813
R_ALCD2x_copy2	0.300606411362101
R_ALDD19xr	9.075546218081507e-21
R_ALDD20xm	0.0
R_ALDD20y	1.3536976387614098e-08
R_ALDD20ym	0.0
R_ALDD22x	0.005377050022022919
R_ALDD2xm	0.0002833523404743532
R_ALDD2y	0.1391590921121739
R_ALDD2ym	0.022111911519782857
R_ADK3m	0.06454578923794277
R_ADK4	0.15869586669856828
R_ADK4m	0.0
R_ADMDC	0.006442057955765648
R_ADNCYC	0.0029451763379867986
R_ADNK1	0.08756633268029497
R_ADNUC	0.049346893381511735
R_ALLTAHr	1.9612379276168213e-08
R_ALLTN	9.805485312597284e-09
R_ALLTNti	9.805485393834563e-09
R_ALLTTti	9.806893822808948e-09
R_ADNt2	9.918289245242406e-09
R_3C4MOPtm	0.0
R_ADPT	0.0006671389387052387
R_ADSK	0.20294354584185192
R_ALPHNH	8.091634611391935e-08
R_AMAOTr	0.0
R_ADSL1r	0.02866004515213305
R_AMETt2	9.941062361594409e-09
R_3DH5HPBMTm	0.0
R_AMETtm	-2.220446049250313e-16
R_AMID	7.382306091277612e-22
R_AMID2	0.0
R_AMID3	9.229546285771761e-21
R_ADSL2r	0.0005075624190689076
R_ADSS	0.028660045152132975
R_AMPN	0.062194209910665696
R_AMPDA	0.003060286892821734
R_3DH5HPBtm	0.0
R_AMPtn	0.0
R_ANPRT	0.033066826472528246
R_ATPS3v	1.294354401382086e-18
R_3DSPHR	0.0
R_ATPtm_H	0.26619408739482325
R_ATPtp_H	1.4000939113006404e-07
R_ANS	4.712977893418272e-08
R_AOBUTDs	1.758228494521015e-08
R_AP4AH	0.0022066568362850703
R_APRTO2	0.004290990780086489
R_ARAB14LO	0.0
R_BACCL	7.525155980332893e-20
R_3HAO	1.777417468740741e-05
R_ARAB1D2	1.4305035299237825e-20
R_ARABR	9.784238144756913e-09
R_3HPH5MBDCm	0.0
R_ARAB_Dt	0.0
R_ARAB_Lt	9.784238086396613e-09
R_ARGN	9.035758433982376e-05
R_BPNT	0.2068906273331698
R_BTDD_RR	-0.32982091134840696
R_BTDt_RR	0.32982091134840696
R_3IPM3MT	0.0
R_BTNt2i	4.0542034095744046e-18
R_BTSr	0.0
R_C14STR	0.0003130478571009768
R_C22STDS	2.4645302826184135e-06
R_C22STDSx	0.00030323001884130393
R_C24STRer	0.00030568502890970507
R_C3STDH1	0.00031304785710097694
R_ARGSL	0.0008854867808182343
R_ARGSS	0.0008854867808181233
R_ARGTRS	1.761525164996901e-20
R_ARGTRSm	1.80237368056294e-20
R_ARGt2m	0.0
R_ARGt2r	9.21549947463518e-09
R_ARGt6	3.1255873974412283e-20
R_ARMT	0.0
R_ASAD	-0.20327182499549898
R_C3STDH2	0.000313047857100977
R_C3STKR1	0.000313047857100977
R_C3STKR2	0.000313047857100977
R_ASNN	0.00036629009237591195
R_C4STMO1	0.0003130478571009769
R_ASNNe	0.0013923973035270896
R_C4STMO2	0.00031304785710097705
R_ASNS1	0.002262727230228657
R_3MBALDt	7.995657570591952e-06
R_ASNTRS	5.223648855839893e-21
R_ASNTRSm	5.632322529500668e-21
R_C5STDS	0.00030569454912392235
R_C8STI	0.00030567505948334456
R_ASNt2m	0.0
R_ASNt2r	-0.0013932288211251365
R_3MBALDtm	0.001961218114095442
R_ASNt6	0.021663175272155086
R_ASNt7	0.021663175272155086
R_CAT	0.002975141865343779
R_CATp	8.792644427927882e-07
R_ASPCT	0.002747125468590253
R_3MOBDC	0.2452534841977859
R_ASPGLU2m	0.004700846115909001
R_ASPGLUtp	-7.300654525366213e-10
R_ASPK	0.20327182499549898
R_ASPOcm	0.0
R_CBASPtn	0.0
R_CBPS	0.003632612249408516
R_CBPtn	0.0
R_CCP2m	1.935745046137847e-08
R_CDPDGPm_SC	-9.944252976623602e-09
R_ASPTA	-0.43281825606728486
R_ASPTAm	0.19428883290212384
R_3MOBtm	-0.41253533456796565
R_ASPTAp	-7.300655635589237e-10
R_ASPTRS	3.238459779671225e-21
R_ASPTRSm	3.6761640245016164e-21
R_CDPtn	-9.483695273537762e-09
R_CER1_24ter	3.2754010614866047e-10
R_CER1_26ter	-1.2341072608279546e-10
R_CER2_24ter	-3.2726032994645493e-10
R_CER2_26ter	1.22579835171166e-10
R_ASPt2m	0.19898967901803288
R_ASPt2n	-0.052113387335896655
R_CERASE124er	0.6019105113762888
R_3MOPDC	0.157844667587246
R_CERASE126er	0.6019105111509985
R_ASPt2r	0.0009110697555982927
R_ASPt5n	-0.052113387335896655
R_ASPt7	0.0
R_CERASE224er	0.985261775772892
R_CERASE226er	0.9852617759979975
R_ATHRDHr	9.714278159655976e-09
R_3MOPt	-6.724832887883281e-06
R_ATP2tp_H	0.0
R_ATPATF1	0.002206656836284936
R_ATPATF2	1.9262145828360072e-19
R_ATPATF3	2.3320052150843465e-19
R_ATPH1	4.4649198031075556e-06
R_ATPM	0.001861412744304701
R_CERH124_copy1	4.010439098797855e-09
R_CERH126_copy1	4.010439084092161e-09
R_CERS124	1.4079831676333258e-09
R_CERS124er	0.6019105110487774
R_CERS126	0.0
R_CERS126er	0.6019105112740675
R_CERS224	8.557673287628427e-09
R_CERS224er	0.9852617761002511
R_ATPPRT	0.003589831641944916
R_ATPS	0.002430771433980642
R_ATPS3g	7.66599763045361e-20
R_ATPS3m	0.4225720392523829
R_CERS226	0.0
R_CERS226er	0.9852617758751463
R_CERH124_copy2	0.0
R_CERH126_copy2	0.0
R_CITtbm	-0.05392448300025643
R_3MOPtm	0.051394734484011884
R_CITtcm	0.014399795291831274
R_CERS324	7.0051905607011546e-09
R_CERS326	0.0
R_CHLPCTD	0.0327776693967766
R_CHLSTI	0.0
R_CLPNSm_SC	0.0
R_3OPHB5Hm	0.0
R_CMPN	0.0236712547288616
R_CHLt2	0.0
R_CHOLK	0.0327776693967766
R_CHORM	0.12017874066010363
R_CHORS	0.12146020538486532
R_CHRPL	0.0
R_CO2t	-4.510307159379753
R_CO2tg	0.0
R_CO2tm	-1.0536831552828518
R_CO2tn	-0.14083767086389765
R_CO2tp	9.939317702212236e-09
R_CHTNDA	6.761645632681016e-21
R_CHTNS	1.1104994234393197e-20
R_CITt2r	-3.8078097230886954e-08
R_CO2tv	-2.0291069184885657e-06
R_COAHLp	0.0
R_3OPHB_5tm	0.0
R_COAtim	0.005825268934332857
R_CITtam	-0.037372767721004174
R_CITtap	1.8946583879575485e-07
R_COAtn	-0.01696971466421382
R_4ABUTNtm	0.0
R_COUCOAFm	9.95719073447567e-09
R_CPPPGO	3.2776270856582284e-17
R_4ABUTtm	0.0
R_CRNCARtm	0.001189089865499545
R_CRNCARtp	0.0
R_DCTPD	0.3090033944627334
R_DCYTD	0.07724187177526194
R_CRNt	-2.7755575615628914e-16
R_4ABZt	0.001281427552174863
R_CRNtim	0.040274068379317796
R_DCYTt2	9.478260383574533e-09
R_CRNtp	7.187289568128892e-07
R_4ABZtm	0.0
R_CSNATm	0.04146315824481728
R_DDPA	0.06753572238460892
R_DDPAm	0.0539244830002564
R_DESAT14	0.0
R_DESAT16	4.311953133320389e-05
R_DESAT18	8.87208931615079e-05
R_CSNATp	7.091276603699015e-07
R_CSNATr	0.04146244911715691
R_CSND	0.023671264539238044
R_CSNt2	9.810376444496476e-09
R_CSm	0.09268117692505945
R_DESAT18_2	2.4558562742083202e-05
R_DGDPtn	8.014976682346742e-09
R_CSp	1.795265211635227e-07
R_DGGH	0.0
R_4H2OGLTtm	9.665864886265751e-09
R_DGK1	0.0006079556639911887
R_DGSNt2	9.8319143450774e-09
R_CTPS1	0.05261050382110498
R_CTPS2	0.0009268608581918524
R_CTPtm	0.017191402809110905
R_DHAD1m	0.2923546883518414
R_4H2OGLTtp	-1.9374762461055184e-08
R_DHAD2m	0.15905114292098138
R_DHAK	0.3423620293052479
R_CYOOm	0.20368113267207383
R_CYOR_u6m	0.40640629976045384
R_DHAPtm	0.15393398687730522
R_DHFR	0.0022177503484333326
R_CYSS	0.006229896920788743
R_4HBZCOAFm	9.957191376876655e-09
R_CYSTGL	0.5018246364854599
R_CYSTL	0.0536768508472523
R_CYSTLp	0.0
R_CYSTRS	5.539838721353633e-21
R_CYSTS	0.06282981884186824
R_DHFRim	0.0
R_DHFS	0.0
R_DHFtm	-2.220446049250313e-16
R_DHNPAm	0.0
R_DHNPTtm	-1.1102230246251565e-16
R_DHORD4i	2.4105522931580945e-05
R_DHORDfum	5.0566771710708516e-05
R_CYSTtp	-9.872396455889998e-09
R_CYSt2r	-0.015350200550222404
R_CYTD	0.029634836285916438
R_CYTDK2	0.03539086188823427
R_DHORDi	0.0026724531739479125
R_DHORTS	-0.002747125468590239
R_4HBZFm	9.957192019547773e-09
R_DHPSm	0.0
R_DHPTtm	0.0
R_DHQS	0.12146020538486532
R_DHQTi	0.12146020538486532
R_CYTDt2	9.859149741852678e-09
R_CYTK1	0.0036789097728128217
R_CYTK2	0.3089932850959557
R_DADA	0.007308615532210381
R_DADK	-0.0009361851698377333
R_DIAT	0.0008666991176122539
R_DINSt2	9.778608660393957e-09
R_DADNt2	9.859431857624337e-09
R_DIPS	0.0
R_DADPtn	-1.1102230246251565e-16
R_4HBZtm	-9.957191959841794e-09
R_DAGCPT_SC	0.0327776693967766
R_DAGPYP_SC	0.009850330844692917
R_DKMPPD2	0.006442057955765646
R_DMATT	0.0006260659120824058
R_DNMPPA	9.809072240337223e-09
R_DNTPPA	9.809072238697577e-09
R_DOLK	0.0
R_DOLPMMer	0.003997463117839186
R_DANNt2	0.0
R_DASYN_SC	0.00723708314159105
R_DASYNm_SC	0.01719140280911091
R_DB4PS	9.816853347477534e-06
R_DBTS	0.0
R_DCDPtn	9.483695273537762e-09
R_DCMPDA	-0.38624702251547594
R_DOLPMTcer	0.003997463117845174
R_DOLPt2er	-0.003997463117857092
R_4HGLSDm	-0.17945090110901735
R_DPCOAK	0.003947061724394372
R_DPCOAKm	9.91850614139028e-09
R_DPGM	0.0
R_DPMVD	0.00187819773624718
R_ECOAH4p	-1.3979878932257606e-07
R_ECOAH5p	-1.4979725349029138e-07
R_DPR	0.0009730084113824742
R_4HPRO_LTtm	0.0
R_DPRm	0.004404041610640451
R_ECOAH6p	-1.5979565570756193e-07
R_DRBK	2.5879289586215177e-21
R_ECOAH7p	-1.7977264910040702e-07
R_ECOAH8p	-1.9972547526947437e-07
R_DROPPRy	4.908426673739386e-06
R_4HTHRS	0.0
R_DRTPPD	4.9084266737392336e-06
R_EHGLAT	0.0
R_EHGLATm	0.0
R_EHGLATp	1.9374762388235186e-08
R_ENO	3.6625286119566463
R_EPGALURSe	9.805814042823864e-09
R_EPISTAT_SC	2.4820813837898847e-06
R_DTMPK	0.0021734899166858945
R_DTTPt	-0.0021734899166857558
R_DUMPtn	9.20240406099282e-09
R_DURIK1	0.09354936396154481
R_DURIPP	-0.002185499565514837
R_DURIt2	8.721284367973946e-09
R_DUTPDP	1.2176688773374498e-05
R_EPISTESTH_SC	2.48208149524855e-06
R_EPISTESTH_SCe	9.999495924225604e-07
R_EPISTt	1.9489639457859198e-08
R_DXHPScm	0.0
R_D_LACDcm	0.000684360392119754
R_EPMGH	0.0
R_4MOPDC	0.037869269421915354
R_ERGSTAT_SC	5.06917976342758e-06
R_ERGSTESTH_SC	5.0691798748083525e-06
R_ERGSTESTH_SCe	9.999494070837893e-07
R_ERGSTGLCT	1.467506176361514e-20
R_D_LACDm	0.00019109111921596734
R_D_LACt2	-0.05762805904741053
R_D_LACt2m	-0.11933929235866936
R_D_LACtm	0.11953038347788536
R_E4HGLUtm	-9.665864886265751e-09
R_ERGSTt	-0.0003022214515095989
R_ERGSTter	0.00030568502890970795
R_ERGTETROLter	0.00030568502890970795
R_E4HGLUtp	1.9374762461055184e-08
R_E4Ptm	0.05392448300025632
R_ETHAK	9.740230887234397e-09
R_5AOPt2	0.0
R_ETHAPT_SC	9.740367415411733e-09
R_ETHAt	9.740230955124218e-09
R_ETOHt	-1.0418813329106988
R_ETOHtm	-0.09600439339440725
R_ECOAH11p	1.9893983238539192e-08
R_EX_ergst_e	0.0003022314510036395
R_EX_ergstest_SC_e	0.0
R_EX_13BDglcn_e	0.0
R_EX_etha_e	0.0
R_EX_2hb_e	0.0020388016188028777
R_EX_etoh_e	1.0418813329106986
R_5AOPtm	-9.695121372388371e-09
R_EX_fe2_e	-1.0377626321497807e-17
R_EX_fecost_e	0.0
R_EX_2mbac_e	0.014538555796034799
R_EX_2mbald_e	0.00016537533997344173
R_EX_2mbtoh_e	0.14314073645123776
R_EX_2mppal_e	0.00043791044663223723
R_EX_2phetoh_e	0.06949121750151388
R_EX_fecostest_SC_e	0.0
R_EX_fmn_e	0.0
R_EX_3c3hmp_e	6.994813612043403e-09
R_6PGLter	-0.0006187179849270752
R_EX_3mbald_e	7.995657570527537e-06
R_EX_for_e	0.03329096172296643
R_EX_fru_e	0.0
R_EX_3mop_e	6.7248328878461215e-06
R_8AONNt2	-5.551115123125783e-17
R_EX_4abut_e	0.0008562889003924896
R_EX_fum_e	0.00028338305787458604
R_EX_g3pc_e	0.0013829420262936756
R_EX_4abz_e	0.0012814275521747616
R_AABTN	0.004290990780086489
R_EX_5aop_e	9.695121108522773e-09
R_EX_g3pi_e	9.999773505910877e-07
R_EX_gal_e	0.0
R_EX_8aonn_e	5.5434632771296784e-17
R_EX_Nbfortyr_e	0.009813745049724988
R_EX_abt_e	9.7842381443957e-09
R_EX_ac_e	0.01005775703190568
R_EX_acald_e	0.028835330188101572
R_EX_aces_e	0.033380385443353915
R_EX_galur_e	9.805814042823872e-09
R_EX_gam6p_e	0.1171148024568814
R_EX_gcald_e	9.871796239194926e-09
R_EX_glc__D_e	-0.9162917576560192
R_EX_gln__L_e	1.0672333003012492e-06
R_EX_glu__L_e	8.590770790154441e-06
R_EX_glx_e	2.0849275135360607e-05
R_EX_ade_e	0.0
R_EX_adn_e	0.0
R_EX_akg_e	3.1761308553306676e-07
R_EX_ala__L_e	0.4442712455139969
R_EX_gly_e	0.06699021165281231
R_EX_glyc_e	0.14441285527894793
R_AACTOOR	1.7582284945266266e-08
R_EX_gsn_e	0.0
R_EX_gthox_e	7.203432179995389e-11
R_EX_gthrd_e	7.63730106529911e-09
R_EX_alltn_e	0.0
R_EX_alltt_e	0.0
R_EX_amet_e	0.0
R_EX_arab__D_e	3.483951207600976e-23
R_EX_arab__L_e	0.0
R_EX_gua_e	0.0
R_EX_arg__L_e	0.0
R_EX_h2o_e	-0.32270617783723055
R_AASAD1	2.808276156484758e-05
R_EX_h_e	-0.019516313105254323
R_EX_hdca_e	0.0
R_EX_hdcea_e	0.0
R_EX_asn__L_e	8.315175979378195e-07
R_EX_asp__L_e	0.0004813275479288457
R_EX_btd_RR_e	0.32982091134840696
R_EX_btn_e	0.0
R_EX_hexc_e	4.999747915333174e-08
R_AASAD2	0.002115030188625514
R_EX_his__L_e	0.0032617813823673475
R_EX_hxan_e	0.0
R_EX_iamac_e	0.0067887746743773006
R_EX_iamoh_e	0.031072499089967447
R_EX_ibutac_e	0.016010764787062773
R_EX_chol_e	9.009455578476949e-09
R_EX_cit_e	3.807809722607547e-08
R_EX_co2_e	4.510307159379752
R_EX_crn_e	2.6457947629977944e-16
R_EX_csn_e	0.0
R_EX_cys__L_e	0.015350200550223068
R_EX_cytd_e	0.0
R_EX_dad_2_e	0.0
R_EX_dann_e	6.056433668014748e-20
R_EX_ibutoh_e	0.22880480896409092
R_EX_id3acald_e	0.00852060868133174
R_EX_ile__L_e	0.00024627712195450453
R_EX_ind3eth_e	0.8517499799592162
R_EX_inost_e	9.684729910581195e-09
R_EX_dca_e	7.999811909684733e-08
R_EX_dcyt_e	0.0
R_EX_ddca_e	2.3999435729054146e-07
R_EX_ins_e	0.0
R_EX_k_e	0.0
R_EX_dgsn_e	0.0
R_EX_din_e	0.0
R_EX_lac__D_e	0.057628059047410515
R_AATA	0.002143112950190318
R_EX_lac__L_e	0.018789973047597126
R_EX_lanost_e	0.0
R_EX_lanostest_SC_e	0.0
R_EX_dttp_e	0.002173489916685801
R_EX_duri_e	0.0
R_EX_leu__L_e	1.9804136644844645e-05
R_ABTA	0.006734642681862204
R_EX_lys__L_e	0.000727004589841799
R_EX_mal__L_e	0.000671439823388921
R_EX_malt_e	0.0
R_EX_ribflv_e	1.9734094260204736e-08
R_EX_sbt__D_e	0.7781053414804744
R_EX_man_e	0.0
R_ABTt	-9.784238197418915e-09
R_EX_melib_e	0.0
R_EX_met__L_e	0.008614124453878559
R_EX_mmet_e	0.0
R_EX_na1_e	-1.3721242202870888e-17
R_EX_nac_e	1.722989659873674e-08
R_EX_sbt__L_e	0.0
R_EX_ser__L_e	0.007521387741538183
R_EX_so3_e	0.16312296414653252
R_EX_so4_e	-0.20304250519617392
R_EX_spmd_e	0.0010650270375337952
R_EX_sprm_e	0.0
R_EX_srb__L_e	9.723863698401643e-09
R_EX_succ_e	0.038258516198923315
R_EX_nadp_e	1.774580010818553e-05
R_EX_nh4_e	-0.04957803201247284
R_EX_nmn_e	2.4460047759581976e-09
R_EX_sucr_e	0.0
R_EX_o2_e	-0.25006481196115005
R_EX_taur_e	1.826175183254117e-17
R_ABUTDm	0.0
R_EX_thm_e	2.9240262041679927e-08
R_EX_oaa_e	2.0828573432963197e-05
R_EX_ocdca_e	0.0
R_EX_ocdcea_e	0.0
R_ABUTt2r	-0.0008562889003924656
R_EX_ocdcya_e	0.0
R_EX_orn_e	0.0037504392925011227
R_EX_thmmp_e	0.0
R_EX_thmpp_e	0.0
R_EX_thr__L_e	0.0001398818803375739
R_EX_thym_e	2.6451083084766434e-05
R_EX_pacald_e	3.9204588740303104e-05
R_EX_pap_e	0.0
R_EX_thymd_e	0.0
R_ACACT1r	0.0
R_EX_tre_e	-0.26159109100349054
R_EX_trp__L_e	-0.860428837968594
R_EX_pc_SC_e	0.0
R_EX_pectin_e	0.0
R_EX_pepd_e	0.0
R_EX_phe__L_e	2.913437311547202e-05
R_EX_pheac_e	0.011231058267791905
R_EX_pi_e	-0.12604850320577876
R_EX_pnto__R_e	0.005377050024537027
R_EX_ttdca_e	6.142428870802087e-07
R_EX_tyr__L_e	0.018593400288072943
R_EX_ura_e	0.0
R_EX_urea_e	9.029628037304147e-05
R_EX_uri_e	0.0
R_EX_val__L_e	0.0010592636899253406
R_EX_xan_e	1.2502971524696453e-07
R_EX_xtsn_e	0.0
R_EX_pro__L_e	0.0016557010531663746
R_EX_ptd1ino_SC_e	0.0
R_EX_ptrc_e	0.06481908388894912
R_EX_pyr_e	0.021523495825773117
R_EX_xyl__D_e	0.0
R_EX_xylt_e	0.0
R_EX_rib__D_e	2.426916011505091e-10
R_ACACT1m	0.0018782072074324176
R_EX_zymst_e	0.0
R_EX_zymstest_SC_e	0.0
R_FA100tp	0.0
R_ACACT4p	1.3979879078013301e-07
R_FA120ACPHi	-9.914474130567896e-09
R_FACOAL161	0.0005383019208011763
R_FACOAL161p	-9.99756039066213e-09
R_FA120ACPtm	0.0
R_ACACT5p	1.4979725496133123e-07
R_FA120tp	0.0
R_FA140ACPHi	-9.848510784671305e-09
R_FACOAL180	0.00020632889932858944
R_FACOAL181	0.0007468530713521382
R_FACOAL182	0.0002780475132801996
R_FA140ACPtm	0.0
R_FACOAL240p	-1.9961731156925566e-08
R_FA140COAabcp	0.0
R_FA140tp	0.0
R_FA141ACPHi	-9.837985370797497e-09
R_FA141ACPtm	0.0
R_FACOAL260p	1.499402096927227e-07
R_FACOAL80p	-1.999720777856595e-08
R_FADFMNtm	9.918505568422553e-09
R_FALDH	0.0
R_FA141COAabcp	0.0
R_FAS161ACPm	0.0
R_FA141tp	0.0
R_FA160ACPHi	-9.555491009560768e-09
R_FA160ACPtm	0.0
R_FA160COAabcp	0.0
R_FAO141p_even	0.0
R_FAO141p_odd	0.0
R_FAO161p_even	0.0
R_FAO161p_odd	0.0
R_FAO181p_even	0.0
R_FA160tp	0.0
R_FA161ACPHi	-9.598340566796537e-09
R_FA161ACPtm	0.0
R_FAO181p_odd	0.0
R_FAS180	5.117162351957645e-05
R_FAO182p_eveneven	9.98305677956467e-09
R_FAO182p_evenodd	0.0
R_FAO182p_oddodd	0.0
R_FAO240p	0.0
R_FAO80p	1.298002590221535e-07
R_FAS100	3.9236998427355455e-11
R_FA161COAabcp	0.0
R_FA161tp	0.0
R_FA180ACPH	6.67864873959978e-08
R_FA180ACPtm	6.678648736310334e-08
R_FA180COAabcp	1.9976020030979703e-07
R_FA181ACPH	-8.451145949717187e-09
R_FA181ACPtm	0.0
R_FA181COAabcp	0.0
R_FA182ACPH	-9.580539583886605e-09
R_FA182ACPtm	0.0
R_FA182COAabcp	0.0
R_FA240tp	0.0
R_FAS100ACPm	0.0
R_FAS100COA	0.0002689820559993115
R_FAS120	6.171830513374022e-05
R_FAS120ACPm	0.0
R_FAS120COA	0.00020173405207171507
R_FAS140	0.0002468527525682138
R_FAS140ACPm	1.975245959871195e-08
R_FAS140COA	0.0
R_FAS141	0.0
R_FA260tp	1.4994020773243404e-07
R_FA80tp	0.0
R_FACOAL100p	-1.999714244194095e-08
R_FAS141ACPm	0.0
R_FACOAL120p	-1.9997080269451573e-08
R_FACOAL140	0.0004459824713292093
R_FACOAL140p	-1.9997014488737364e-08
R_FACOAL141	-9.400931366698728e-09
R_FACOAL141p	-9.996869054784696e-09
R_FAS160	0.00010950422446525366
R_FAS160ACPm	3.9199310935688496e-08
R_FAS160COA	0.00010951806403649389
R_FAS161	0.0
R_FACOAL160	0.0008928912424970292
R_FACOAL160p	-1.9996942296485187e-08
R_FAS180ACPm	6.678648737158624e-08
R_G3PDm	0.22193642761461696
R_FAS180COA	5.116168901202753e-05
R_GLUK	0.1101876112672336
R_G3PIt	0.0
R_FAS181	0.0
R_FAS181ACPm	0.0
R_FAS182ACPm	0.0
R_G3PT	0.49527368382124404
R_FAS240_L	0.0
R_G5SADs	0.057736358487538886
R_G5SADrm	-0.05177664839826457
R_FAS260	0.0
R_G5SD	0.00032472570215773424
R_G5SD2	0.02445056897905244
R_GLUN	0.012503674384252312
R_GLUPRT	0.0005075722908652667
R_G6PDA	0.09272815930043046
R_FAS80ACPm_L	0.0
R_G6PDH2r	0.6306979300266996
R_G6PDH2er	0.0006187179849270902
R_G6PI	0.47799714762034706
R_G6PI3	0.5881847588875806
R_G6Pter	0.0006187179849270752
R_GALIGH	0.0
R_GALKr	1.9648523328566502e-08
R_GALS3	9.889137239059411e-09
R_GALT	0.01787160161397966
R_GLUSx	0.03370750068110774
R_GLUTRS	3.0894549337697577e-21
R_GLUTRSm	2.9576355767185327e-21
R_GLUt2n	0.0
R_GLUt2r	-8.590770790073421e-06
R_GLUt5m	0.0036333447217010094
R_GLUt7	0.0
R_GLUt7m	0.04544600332268049
R_GLXt	2.08492751353484e-05
R_GLXtp	-9.209252138653312e-09
R_GLYAT	0.0
R_GLYC3Ptm	0.15393397693305222
R_GALUi	0.08575989361316805
R_GALt2	9.759386090387677e-09
R_GAM6Pt	-0.11711480245688133
R_GAPD	3.8527992541514062
R_GLYCDy	0.3423620293052479
R_FAS80COA_L	0.0002689820559986699
R_GLYCLm	0.001236368187608933
R_GLYCt	0.5393681914513442
R_GLYCt2	0.39495533617239637
R_GARFT	0.000507572290865242
R_GAT1_SC	0.00016146732957833526
R_GAT2_SC	0.001343762279961916
R_GBEZ	0.0669861420096629
R_GCALDt	-9.871796158300583e-09
R_GCALDtm	1.1102230246251565e-16
R_GCC2am	0.0019321336511132214
R_GCC2bim	0.0019321336511132262
R_GCC2cm_copy1	-0.2187765860970675
R_GCCam	0.00122990774076856
R_GCCbim	0.0012299077407685497
R_GLYGS	0.0669861420096629
R_GLYK	0.008498806545958294
R_GLYOX	0.0585035105587462
R_GLYOXm	0.0
R_GLYTRS	2.9592774272453524e-21
R_GLYt2m	0.008796822273222427
R_GLYt2r	-0.06699021165281227
R_GCCcm	0.00122990774076856
R_GDPMANNtg	1.4419543146054113e-19
R_GMPS2	0.0002478984563689751
R_GDPt3g	0.0
R_GND	0.6313166480116267
R_FAS80_L	0.0
R_GNNUC	0.05039650163260942
R_GDPtn	-8.014976682346742e-09
R_GF6PTA	0.2098429617573118
R_GPDDA1	1.1224398210538382e-06
R_GGLGH	0.0
R_FBA	1.0462734019372966
R_GGTT	0.0
R_GHMT2r	0.05575906165455491
R_GHMT2rm	-0.004398402998610329
R_GRTT	0.0006260659120824058
R_GSNK	0.036701241742506996
R_GSNt2	9.907803149093765e-09
R_GK1	0.0016900239842994047
R_GK2	0.001430761776104239
R_GLCGSD	0.000703089477762384
R_GLCGSDv	0.09820390846893116
R_GSNt2m	0.0
R_GTHOr	0.0005732945443091956
R_GTHOXti	0.0
R_GTHOm	0.0
R_GLCNtv	0.09820390846893116
R_FBA2	7.30890992173272e-09
R_GLCP	1.6841045266152508
R_GLCS2	0.004075805222481727
R_GTHPi	0.0005732946163439223
R_GTHPm	-9.68548441449002e-09
R_GTHRDabcv	1.2996722216800216e-18
R_GTHRDt2	0.0
R_GLCt1	0.9162917736239006
R_GLCtv	-0.5469713187818958
R_FBA3	0.9182313103350372
R_GLNS	0.26953326955307655
R_GLNTRS	3.147048643276937e-21
R_GTHS	7.781369248356443e-09
R_GTMLT	6.539475682701609e-19
R_GLNt2n	0.0
R_FBP	0.00027269320252086316
R_GLNt2r	-1.067233300400261e-06
R_GLNt6	0.021663175272155083
R_GTPCI	0.0
R_GTPCII	4.908426673739517e-06
R_GTPH1	4.542133485658981e-06
R_GLNt7	0.021663175272155083
R_GTPt2m	0.0645457892379428
R_GLPT	0.0
R_FBP26	0.07207114918257759
R_GLU5K	0.024775294681210175
R_GLUCYS	7.7813692490147e-09
R_GLUDC	0.0032999309303718906
R_GUAD	3.5377706826466237e-06
R_GUAPRT	0.0005320319731042598
R_GUAt2r	9.638729037142468e-09
R_GUAtm	0.0
R_H2O2tn	2.670107590585502e-08
R_H2Ot	0.32130471633366486
R_GLUDxi	0.10879712382032843
R_GLUDy	-0.27376395976330753
R_H2Oter	-0.00031303295597417957
R_FCLTm	1.479876359697047e-20
R_H2Otm	-0.39338308740479033
R_H2Otn	-0.14083764416282174
R_H2Otp	1.0599150843670913e-06
R_HCITSm	0.0021431129501903855
R_H2Otv	0.32258761362541344
R_HCITSn	2.116532004168852e-21
R_FDH	0.0013824280245017461
R_HACD10p	1.989398401569531e-08
R_HACD4p	-1.3979878998870987e-07
R_FDNG	0.0001345370177587193
R_HACD5p	-1.497972542674475e-07
R_HACD6p	-1.5979565648471805e-07
R_HCO3E	0.6914110943813999
R_HCO3Em	8.827024555735363e-08
R_HCO3En	0.14083767086389765
R_HACD7p	-1.7977264976654084e-07
R_HACD8p	-1.997254759356082e-07
R_HCO3tn	-0.14083767086389765
R_HACNHm	0.002143112950190429
R_FE2t	1.0376831492247534e-17
R_HBZOPT6m	5.458925509846476e-18
R_FE2utm	0.7097287207725295
R_HCYSMT	0.0017223547983696522
R_HCYSt2p	9.872396455889998e-09
R_HDCAt	1.18981725186839e-06
R_HDCEAt	3.96463115467995e-06
R_FECOSTAT_SC	2.4820813837904133e-06
R_HEMEOMOm	0.0
R_HEMEOSm	0.0
R_HETZK	0.033669043039473275
R_FECOSTESTH_SC	2.482081495248001e-06
R_HEX1	0.6367913050691894
R_HEX4	9.813325416716805e-09
R_FECOSTESTH_SCe	9.999496710160748e-07
R_HEX7	0.04161359086207481
R_HEXCCOAtx	-1.3004622789747344e-07
R_HEXDPtm	0.0
R_ILEtmi	0.2104458774049933
R_FECOSTt	1.9787144367455767e-08
R_HGNTOR	1.875907354389595e-19
R_HICITDm	0.002143112950190318
R_FEtm	0.7097287207725295
R_IMPC	-0.004097394061014059
R_FKYNH	0.03308455351743672
R_IMPD	0.0002444758862043783
R_IND3ACtm	1.3536976428696335e-08
R_HISTD	0.0035898316419449156
R_FMETTRSm	3.416700495970316e-21
R_HISTP	0.0035898316419449156
R_HISTRS	3.599798011525651e-21
R_IND3ETHt	0.8517499799592163
R_IND3ETHtm	-0.04191871334660535
R_INDPYRD	0.8602705886405477
R_HISTRSm	4.0085644832429565e-21
R_INSK	0.051542824027663414
R_FMNAT	9.918505568789267e-09
R_HISt2m	0.0
R_HISt2r	-0.0032617813823669906
R_HISt6	3.2237849056072586e-21
R_HKYNH	1.7774174687407415e-05
R_HMBS	3.260741309995203e-17
R_INSTt2	0.0
R_INSt2	9.893128763609702e-09
R_IPC124PLC_SC	0.0038266691529602282
R_IPC126PLC_SC	0.0038266718574687733
R_IPC224PLC_SC	0.0038266684525871185
R_IPC226PLC_SC	0.003826671296028666
R_HMGCOAR	-0.0018781977362469782
R_HMGCOAS	9.471187056853125e-09
R_HMGCOASm	-0.0018782072074330358
R_IPC324PLC_SC	0.0038266674625594636
R_IPC326PLC_SC	0.003826669608841118
R_HMGCOAtm	-0.001878207207433591
R_FMNATm	0.0
R_HMPK1	0.03366905291126954
R_HPPKm	9.433391447927882e-09
R_HPROa	8.637877770768671e-09
R_IPCS124_SC	0.003826668463478314
R_IPCS126_SC	0.003826665758972156
R_IPCS224_SC	0.0038266691638514276
R_IPCS226_SC	0.0038266663204114815
R_HPROb	0.0
R_HPROxm	0.0
R_IPCS324_SC	0.0038266701538795162
R_IPCS326_SC	0.0038266680075975724
R_HPROym	8.268739021450961e-09
R_FMNRx	8.637877769821004e-09
R_HSDxi	0.2006075221262097
R_IPDDI	0.0006260659120823631
R_FMNRx2	0.0
R_IPDPtm	0.0
R_IPMD	0.03935565118961291
R_IPPMIa	-0.03935565118961293
R_IPPMIb	-0.03935565118961293
R_IPPS	0.001519951588130115
R_HSDy	-0.002664302869289313
R_HSERTA	0.03516293749151972
R_HSK	0.16810888750397926
R_HSTPT	0.0035898316419449156
R_HXANt2r	9.322604466177609e-09
R_HXPRT	0.0007361187572566786
R_HYPOE	0.03634696923076422
R_IAMACt	0.0067887746743773006
R_IAMOHt	0.031072499089967454
R_IAMOHtm	-0.001961218114095553
R_IBUTACt	0.016010764787062773
R_IBUTOHt	0.22880480896409094
R_IBUTOHtm	-0.012504072599106575
R_ICDHxm	0.00011835466418611608
R_IPPSm	0.0378357065962964
R_ITCOALm	-3.3306690738754696e-16
R_KARA1im	0.2923546883518414
R_KARA2im	0.15905114292098138
R_KYN	0.03306677934274931
R_KYN3OX	1.7774174687407446e-05
R_Kt2r	0.0
R_LALDO3	0.018870506477405683
R_LANOSTAT_SC	2.482081383780116e-06
R_ICDHyr	0.08388022556373201
R_ICDHym	0.0012655715396127508
R_ICDHyp	0.0
R_ICL	0.007417166582202911
R_LANOSTESTH_SC	2.482081495258299e-06
R_FOLD3m	9.433391454635114e-09
R_LANOSTESTH_SCe	9.999495241360843e-07
R_LANOSTt	1.490105855372903e-08
R_LCADi	0.018870506477405683
R_LCYSTintv	1.3818264281863532e-22
R_LEUTA	-0.0014863817676975533
R_LEUTAm	0.0
R_LEUTRS	3.933215197163753e-21
R_LEUTRSm	2.3586874816947564e-21
R_ID3ACALDt	0.008520608681331643
R_ID3ACALDtm	0.041918699809629034
R_IG3PS	0.0035898316419449156
R_IGPDH	0.0035898316419449156
R_IGPS	0.033066826472528246
R_ILETA	0.20924612690414568
R_ILETAm	-0.21044587740499332
R_ILETRS	4.205800963545809e-21
R_ILETRSm	3.6801058236383876e-21
R_ILEt2r	-0.0002462771219544635
R_ILEt6	0.021663175272155086
R_ILEt7	0.021663175272155086
R_LEUt2r	-1.9804136644818726e-05
R_LEUt6	0.02166317527215508
R_LEUt7	0.02166317527215508
R_LGTHL	0.0585035105587462
R_LNS14DM	0.0
R_LNS14DMx	0.0003130556614668121
R_FORt	-0.03329096172296642
R_LNSTLS	0.00031303295604130643
R_MACACI	1.2381251162988342e-19
R_MALOAAtp	9.997094633229509e-07
R_LPCAT_SC	2.8056875405145502e-05
R_LPP_SC	0.05523839193211787
R_FORtm	6.580880574606108e-09
R_FRDPtm	0.0
R_FRDcm	1.6972793760390896
R_LSERDHr	0.0
R_LYSTRS	1.4287468167112273e-20
R_LYSTRSm	1.4695764954450988e-20
R_LYSt2m	0.0
R_LYSt2r	-0.0007270045898417621
R_MALS	1.9709148443788972e-08
R_MALSp	0.0
R_MALT	9.765589056028582e-09
R_MALTt2	9.765589056027566e-09
R_MALt2r	-0.0004477324218103984
R_MALtm	0.1686685790186062
R_MAN1PT	0.003997456740343573
R_LYSt6	2.4599592216553204e-20
R_L_LACD2cm	8.053342980854707e-05
R_L_LACt2r	-0.018789973047597164
R_MAN6PI	-0.0039974469270182
R_L_LACtm	0.0
R_MANNANter	-0.003997463117839217
R_FRDm	0.9665959634369232
R_MANt2	9.81332541672031e-09
R_MCITDm	0.002143112950190429
R_MCITL2m	0.0020810975722001857
R_FRTT	0.0
R_MCITSm	0.0020810975722001857
R_MCOATA	0.0
R_MCOATAm	8.827024619573187e-08
R_MIPC326PLC_SC	0.0
R_MIPCS124_SC	0.0
R_MIPCS126_SC	0.0
R_MDH	-0.6308840075653644
R_MIPCS224_SC	0.0
R_MDHm	0.13774165882354272
R_MDHp	-8.194528766658493e-07
R_MIPCS226_SC	0.0
R_MIPCS324_SC	7.72039597968881e-10
R_MIPCS326_SC	0.0
R_MMETt2	2.3483575917377087e-22
R_FRUK	0.0
R_MDRPD	0.006442057955765646
R_FRUt2	1.730711875951469e-08
R_FTHFCL	2.7154866424861257e-09
R_ME1m	0.012483275668791281
R_ME2m	0.4883375655542286
R_MOHMT	0.0053770500220229256
R_MTAP	0.006442057955765648
R_MELIBt2	9.889137239064917e-09
R_FTHFCLm	0.021702108616632344
R_MELTGH	0.0
R_METAT	0.028277695595797958
R_MTHFC	0.019185994740837653
R_MTHFCm	6.580880507200959e-09
R_MTHFD	0.014878589610688497
R_FTHFI	0.0
R_MTHFD2i	0.004307402414662479
R_MTHFDm	6.580880285156354e-09
R_MTHFR3	0.028978269258747868
R_METB1	0.0015722428451927749
R_METS	0.028978269258747878
R_METTRS	5.1840918750907876e-21
R_METTRSm	7.300931694609738e-21
R_METt2m	0.0
R_FTHFLi	0.005046464425978139
R_METt2r	-0.008614124453878436
R_MTRI	0.00644205795576569
R_NABTNO	0.004290990780086489
R_NACt	-1.7229896592807492e-08
R_NADDPp	2.3501544439157397e-19
R_NADH2_u6cm	0.1302816105212767
R_NADH2_u6m	0.0753996699531683
R_NADK	0.07229574373304444
R_MEVK1	0.00048289142611076434
R_MEVK2	0.0004823370726141883
R_MEVK3	0.0004506457697486867
R_MEVK4	0.0004623234677735406
R_MFAPS_SC	0.0014116388663685839
R_MGSA	0.07737399945386694
R_MHPGLUT	4.576434135909547e-21
R_NADKm	0.07504605944228496
R_NADN	0.0
R_NADNm	1.4861730568848844e-18
R_MI13456PKn	0.0
R_FTHFLmi	0.0
R_MI1345PKn	0.0
R_MI1456PKn	0.0
R_MI145P6Kn	0.0
R_MI145PKn	0.0
R_NADPPPS	0.07227799793293611
R_NADPPPSm	0.07504605944228496
R_NADPt	1.7745800108048826e-05
R_MI145Ptn	-4.6386228191863665e-12
R_FUM	-0.424172050955138
R_MI1PP	0.02298620899334586
R_MI1PS	2.619116290050812e-05
R_MINOHPtn	1.3253842467975119e-12
R_NADS1	1.7755572744987903e-05
R_NADS1n	0.0
R_NADtn	0.0
R_MIP2C124PLC_SC	0.0
R_NAPRT	0.0
R_MIP2C126PLC_SC	2.7615585787872846e-09
R_FUMAC	6.002056642524584e-20
R_MIP2C224PLC_SC	0.0
R_MIP2C226PLC_SC	1.8117637139075e-09
R_MIP2C324PLC_SC	0.0
R_MIP2C326PLC_SC	0.0
R_NAPRTm	0.0
R_NAt3_1	0.0
R_NDP1	0.001705250169701378
R_NDP3	0.0018588135513103493
R_NDP3g	1.3832707066242674e-19
R_NDP4	0.0018604773129252449
R_MIP2CS124_SC	0.0
R_MIP2CS126_SC	0.0
R_NDP7	0.0016456887381178908
R_MIP2CS224_SC	0.0
R_FUMm	0.43252115330695196
R_MIP2CS226_SC	0.0
R_MIP2CS324_SC	2.2422367818612905e-10
R_MIP2CS326_SC	0.0
R_MIPC124PLC_SC	0.0
R_NDPK1	0.25044763877283094
R_NDPK2	0.15766136762283156
R_NDPK3	0.004159258585041181
R_NDPK4	0.0021734899166858668
R_NDPK5	0.0008880814166032369
R_MIPC126PLC_SC	2.1095177651004493e-09
R_NDPK6	-0.3090172771544146
R_FUMt2r	-0.0002833830578745644
R_NDPK7	0.3089952733563357
R_NDPK8	0.0007762104544732917
R_MIPC224PLC_SC	0.0
R_MIPC226PLC_SC	1.388517264910243e-09
R_MIPC324PLC_SC	0.0
R_NDPK9	0.15869586669856828
R_NFORTYRt	0.009813745049724988
R_NFTYROX	0.009813745049724988
R_NH4t	0.5984925475036666
R_NH4ti	0.5475221181876667
R_NH4tm	-0.009985154234422589
R_NTD1	0.014121983899483524
R_G12MT1g	1.6683991165487843e-20
R_NTD10	0.0021032685248618416
R_NTD11	0.030532102700418392
R_NTD2	0.04830865585812578
R_NTD3	0.07724186229700156
R_NH4tn	0.0
R_NH4tp	9.872396455889998e-09
R_NMNAT	0.0
R_NMNATm	0.0
R_NMNTP	0.0
R_NTD4	0.06502568831500095
R_G12MT2g	1.1124624283613085e-20
R_NTD5	0.036360205160834574
R_NMNt2m	-1.1102230246251565e-16
R_NMNt2p	0.0
R_NNAM	7.326631856763299e-09
R_G13MTg	1.11248253708023e-20
R_NNAMrm	0.0
R_NTD6	0.0009183724860597001
R_NTD7	0.018589965093433494
R_NNATr	1.775557274498794e-05
R_NNATm	1.2251629165334982e-21
R_NNDPR	1.7765476009624834e-05
R_NTD8	0.001240646526415392
R_NTD9	0.03599613558143176
R_NTP3	0.0017371160957936984
R_G16MTg	1.668414198088309e-20
R_G3PCt	-0.001381942050666829
R_NNDPRm	3.763693538311553e-17
R_G3PD1ir	0.6408691990980953
R_NNMT	5.402129811656132e-20
R_NTP4	0.0018609562786743622
R_NTRLASE	7.429363491238788e-21
R_NTRLASE2	1.4487359458052362e-23
R_NTRLASE3	0.0
R_PEPDt3	2.2046762624798574e-21
R_G3PD1irm	0.06800244073731174
R_PETHCT	9.740367418940773e-09
R_PETOHM_SC	0.0014116388663489043
R_PEtg_SC	-2.220446049250313e-16
R_O2t	0.25006481196115005
R_O2ter	0.00031303295604123704
R_O2tm	0.2036810856235226
R_OAAt	2.0828573432996045e-05
R_PEtm_SC	-1.4318658737244583e-05
R_OAAt2m	-0.2372682172284069
R_PEtv_SC	-2.029106938028491e-08
R_OBDHm	0.002081097572199544
R_PPM	-0.1872372356023817
R_OCBT	0.0008854867808182201
R_OCDCAt	3.598976644452297e-07
R_OCDCEAt	2.319807917256591e-06
R_OCDCYAt	3.698903954360905e-07
R_OHACT1	0.03583974139420286
R_PFK	1.0465461024487275
R_PFK26	0.07207114918257759
R_PFK_2	2.5880546352292293e-21
R_PFK_3	0.9182313103350371
R_PGAMT	0.0
R_OHACT2	0.013377607461793973
R_PGCD	0.1902706421947595
R_PPNCL2	0.0
R_PGI	1.1063305502786354
R_OHACT3	0.014538555796034799
R_OHACT4	0.020343491269391813
R_PGK	-3.852799254151406
R_PGL	0.6313166480116267
R_PGM	-3.6625286119566467
R_PGMT	1.5804730510366265
R_PGPPAm_SC	0.0
R_OHACT5	0.011231058267791905
R_OHPBAT	0.0
R_OMCDC	0.03935565118961291
R_OMCDCm	5.820347282021971e-21
R_OMPDC	0.002747125468590185
R_PHCDm	0.17945090110901732
R_PHCHGSm	-0.1794509011090174
R_PHEACt	0.011231058267791905
R_ORNDC	0.07017509215467387
R_PPND	0.0003032138496924107
R_ORNTA	0.032961063806328635
R_ORNTACim	0.1076817244499821
R_ORNt2r	-0.0037504392925010732
R_ORNt3m	0.10768172444998214
R_PHETA1	-0.0006916672503014532
R_PHETRS	5.462734806255275e-21
R_PHETRSm	5.8712818934932496e-21
R_PHEt2m	0.0
R_PHEt2r	-2.913437311535816e-05
R_ORPT	-0.002747125468590239
R_OXAGm	0.002143112950190318
R_PI35BP5P_SC	0.07349959473986623
R_PPND2	0.0384223792020637
R_PI3P4K_SC	0.0
R_PI3P5K_SC	0.07349959138175471
R_OXO2Ctm	0.0
R_P5CDm	0.0034890787532660117
R_PPNDH	0.08145314760834751
R_P5CR	0.057736358487538816
R_PACALDt	3.9204588740293644e-05
R_PACALDtm	0.0041691128639427255
R_PAK_SC	0.05523839193209862
R_PAN4Ptm	-0.00394706172690662
R_PI45BP5P_SC	0.059766735324955286
R_PI45BPP_SC	0.0
R_PI4P5K_SC	0.059766728693686794
R_PIN3K_SC	0.0
R_PIN4K_SC	0.0
R_PIN4Kn_SC	0.0
R_PINOS_SC	0.022986199308615927
R_PIt2m	0.7154780084558747
R_PANTS	0.005377050022022919
R_PANTtm	-0.004404041610640452
R_PAPSR	0.20294354584185192
R_PAPt	9.84590642350014e-09
R_PIt2n	-9.963067371110412e-09
R_PIt2p	-1.4000939119185318e-07
R_PIt2r	0.126048541978252
R_PAPtm	-0.003947071645411415
R_PIt2v	0.0
R_PAtm_SC	0.00017191402809091372
R_PPPG9tm	0.0
R_PC	0.8267085761037928
R_PCDAGAT	2.805687539481494e-07
R_PIt5m	-0.003633344721701015
R_PLBP1I_SCe	1.9999547011903103e-06
R_PLBPC_SC	0.0027661289809758024
R_PDE1	0.0029451763379867986
R_PLBPC_SCe	1.9999512536520426e-06
R_PPPGOm	3.5142717163067384e-20
R_PLD_SC	0.032776555966411124
R_PMANM	-0.0039974567403435746
R_PMDPHT	4.908426673739062e-06
R_PMETM_SC	0.001411638866388518
R_PDE2	0.0
R_PDE3	0.0
R_PDE4	0.0
R_PDE5	0.0
R_GCC2cm_copy2	0.2213137298636281
R_PDHm	0.0894130507970547
R_PDX5POi	-9.650511501035908e-09
R_PENDPtm	0.0
R_PMEVK	0.00187819773624718
R_PMI12346PH	0.006569928879849528
R_PMI12346PS	0.006569928879186846
R_PEPAT	1.9690272331092743e-21
R_PPTTm	0.0
R_PMI1346PH	0.00656992887951818
R_PMI1346PS	0.00656992887951818
R_PMPK	0.03366905291126954
R_PPYRDC	0.08076148035804606
R_PNP	7.326631967785602e-09
R_PNTK	0.0
R_PNTOt2	-0.005377050024537033
R_PYRDC2	0.12521134779196258
R_PYRt	0.5171909633226326
R_POLYAO	0.004290990780086489
R_PRAGSr	0.0005075722908652325
R_POLYAO2	0.0008666991176122539
R_POLYAO3	0.0002193601243241755
R_PYRt2	0.49566746749685947
R_PYRt2m	0.23971375152740415
R_PRAIS	0.000507572290865242
R_PYRt2p	9.872396455889998e-09
R_QUILSYN	1.7774174687407392e-05
R_PPA	0.4948439371772508
R_PPAm	0.025740781508640315
R_PPBNGS	1.3042329780948323e-16
R_PPCDC	0.0
R_PPCK	0.0002527113797211412
R_PRAIi	0.033066826472528246
R_QULNS	0.0
R_PRAMPC	0.0035898316419449156
R_QULNtm	0.0
R_RAFGH	0.0
R_RBFK	9.614036327883192e-19
R_SLCBK2	2.0482557850848666e-10
R_SLFAT	0.1919867366417522
R_RBFKm	9.98250399649991e-17
R_PRASCSi	0.0005075624190690187
R_RBFSa	9.816853347477513e-06
R_RBFSb	4.9084266737386415e-06
R_SO3ti	0.16312296414653252
R_SO4ti	0.20304250519617392
R_RBK	0.09974339477142956
R_SPH1Pter	0.0
R_RIBFLVt2	0.0
R_PRATPP	0.003589831641944916
R_RIBFLVtm	1.1102230246251565e-16
R_SPHPL	4.449081461606467e-14
R_RIBt2	0.0
R_PRFGS	0.000507572290865242
R_SPMDAT1	0.003424291662474235
R_RNDR1	0.00028163384820658764
R_PRMICI	0.0035898316419449156
R_RNDR1n	5.223368278692341e-17
R_SPMDt3i	0.6763235671207775
R_SPMDtex2	0.6773885941583112
R_RNDR2	0.00027965480183956583
R_RNDR2n	0.0
R_RNDR3	1.997744075319925e-06
R_RNDR3n	0.0
R_SPMS	0.005356008265724747
R_SPRMS	0.0010860496900409022
R_SPRMt2i	9.551895527062037e-09
R_SQ23EPXter	0.00031303295604123704
R_SQLEr	0.0003130329560293347
R_SQLErx	1.1949935885801772e-14
R_RNDR4	7.948161063747396e-06
R_RNDR4n	0.0
R_SQLS	0.0003130329560412119
R_RNMK	0.0
R_PRO1xm	0.055265727151530504
R_RNTR1	0.0006545513216309371
R_RNTR2	0.0009728748620711178
R_SQLter	0.00031303295604123704
R_SRB_Lt	-9.723863714228287e-09
R_RNTR3	8.121106397617376e-06
R_PROTRS	3.8907435519936605e-21
R_RNTR4	2.6059380454748122e-05
R_RPE	0.3494880548276621
R_SSALy	0.006734642681862204
R_PROt2r	-0.0016557010531663696
R_RPI	-0.28181877633061714
R_SACCD1	0.002143112950190318
R_SUCCt2r	-0.0382585161989234
R_SACCD2	0.002143112950190318
R_PROtm	0.05526572715153055
R_SADT	0.010956809200099714
R_SAM24MT	0.0003056552723378393
R_SBPP1er	0.0
R_SBPP2er	2.0454391549468427e-10
R_SBTD_D2	0.041613573554956054
R_SBTD_L	9.723863680175349e-09
R_SUCCtm	0.42983505531442506
R_SUCD1m	1.701098806931617
R_SUCD2_u6m	0.9414064903737747
R_SUCD3_u6m	-0.7408401136284568
R_SUCFUMtm	1.2433881805615166
R_SUCOASm	-0.0006050004203267401
R_SUCRe	9.843046034282104e-09
R_SUCRt2	9.06016144898291e-21
R_SBTR	0.8197189150354303
R_SBT_Dt	-0.7781053414804742
R_SBT_Lt	9.723863714228287e-09
R_SERAT	0.006229896920788743
R_SULR	0.039820581695319435
R_T4HCINNMFM	9.957190733937605e-09
R_SERPT	0.0
R_PRPPS	0.04471625842548077
R_SERTRS	5.4598059829716565e-22
R_SERt2m	0.012793019694054442
R_SERt2r	-0.007521387741538099
R_SFGTHi	0.0
R_TAGL_SC	0.0003192843904048123
R_TALA	-0.6827571731741782
R_TAUDO	3.283969784792873e-20
R_TAURt	0.0
R_SHCHD	0.0
R_SHCHF	0.0
R_SHK3Dr	0.12146020538486532
R_SHKK	0.12146020538486532
R_SHSL1	0.4910994157732548
R_TCHOLAabcv	0.0
R_THFATm	0.021702108616632333
R_THFGLUS	0.0
R_THIORDXi	0.005816964413304699
R_THIORDXm	-9.671966005875277e-09
R_THIORDXni	2.6701075954450955e-08
R_THIORDXp	-8.792644428101681e-07
R_SHSL4r	-0.49109941577325483
R_SLCBK1	0.0
R_PRPPtm	0.0
R_THMDPe	9.608547604229459e-09
R_THMDt2	3.33511538204309e-09
R_THMP	0.07083845810097826
R_PSCVT	0.12146020538486532
R_THMPPt2m	0.0
R_THMPe	9.759918209667629e-09
R_THRt2r	-0.00013988188033753346
R_THYMt3r	2.6451083084744198e-05
R_THZPSN1_SC	5.3189440975521905e-09
R_THZPSN2_SC	4.552852175661741e-09
R_THMt2	0.0
R_PSERDg_SC	0.0
R_THRA2	0.0
R_TKT1	0.23547413716085908
R_PSERDm_SC	0.0014318658737056573
R_TKT2	0.11401393177599406
R_TMDK1	0.03633375741286526
R_TMDPK	0.03716940518970876
R_THRA	0.014576143203000947
R_THRD_L	0.14685907674484666
R_THRD_Lm	0.005586744654931902
R_THRS	0.16810888750397926
R_THRTRS	4.467569619345059e-21
R_THRTRSm	4.8717231306783854e-21
R_THRt2m	0.005586744654931919
R_URIK1	0.05104637045270979
R_TMDPP	2.6451083084744198e-05
R_TMDPPK	0.0
R_TMDS	0.00221775034843316
R_TMN	0.03366904303947327
R_TMPK	-0.03716940518970868
R_TMPPP	0.03366905291126954
R_TPI	1.7412137836305497
R_TRDOXtp	8.792644428101681e-07
R_TRDR	0.21099247221645348
R_PSERDv_SC	2.0291069185030466e-06
R_TRDRDtp	-8.792644428101681e-07
R_TRDRm	0.0
R_TRE6PP	0.0015938190323060882
R_URIK2	0.047637740006716514
R_URIt2	9.821298502835221e-09
R_UTPH1	4.124868158891712e-06
R_UTPtm	5.502252679720258e-21
R_TRE6PS	0.0015938190323060882
R_TREH	0.03868542243475758
R_PSERS_SC	-0.015749116167006028
R_TREHv	0.22438370515648226
R_VALTA	-0.16038484876002657
R_VALTAim	0.15801635281242063
R_VALTRS	2.5791271862570933e-21
R_TREt2	0.2615910910034905
R_TREt2v	0.22438370515648232
R_VALTRSm	2.90137655692286e-21
R_PSERSm_SC	0.01719142269266477
R_VALt2m	0.15801635281242066
R_VALt2r	-0.0010592636899251495
R_XANt	-1.2502971524774864e-07
R_XPPT	0.0021066910950264385
R_XTSNt2	9.829197203489359e-09
R_TRIGS_SC	0.0003238841019070267
R_TRPO2	0.03308455351743672
R_TRPS1	0.033066826472528246
R_TRPTA	0.8602705886405481
R_TRPTRS	2.384408282774206e-21
R_TRPTRSm	2.7926429862654128e-21
R_TRPt2m	0.0
R_TRPt2r	0.8604288379685943
R_TTCCOAtx	-9.965655856092326e-09
R_XYLK	1.9428135092107604e-08
R_XYLR	9.876551728368906e-09
R_XYLTD_D	1.9428135092106135e-08
R_XYLTt	9.551583413092146e-09
R_TTDCAtr	-1.392560727841996e-07
R_TYRNFT	0.019627490099449977
R_PSERT	0.1902706421947595
R_TYRTAi	0.03215629604305031
R_TYRTAim	0.006569267676752627
R_TYRTAip	1.9374762388185853e-08
R_XYLt	9.876551687604262e-09
R_YUMPS	0.0
R_ZYMSTAT_SC	2.482081383791516e-06
R_ZYMSTESTH_SC	2.4820814952469006e-06
R_TYRTRS	3.414551596117602e-21
R_TYRTRSm	3.824425095539309e-21
R_ZYMSTESTH_SCe	9.999497206745886e-07
R_TYRt2m	-0.006569267676752588
R_PSPH1Pter	2.0464149095350577e-10
R_TYRt2p	-1.937476223901058e-08
R_TYRt2r	-0.018593400288072992
R_TYRt6	0.025538136936161564
R_TYRt7	0.025538136936161564
R_UDPACGLP	0.0
R_ZYMSTt	1.984659575571257e-08
R_BIOMASS_SC5_notrace	0.004947967716102459
R_SERD_L	0.026902403784253997
R_UDPG4E	-1.9648523474913304e-08
R_PSPHPL	9.204248341556448e-14
R_UDPGALt2g	3.519728261214668e-20
R_UGLT	-0.01787158196545635
R_UGLYCH	1.961237922065706e-08
R_PSPHS	0.0
R_UMPK	0.05522118582709187
R_PSP_L	0.1902706421947595
R_UMPKn	-9.202404172015122e-09
R_UMPtn	-9.202404172015122e-09
R_PStg_SC	-2.220446049250313e-16
R_PStm_SC	-0.00015759556818972786
R_UNK3	0.006442057955765646
R_UPP3MT	0.0
R_PStv_SC	2.02910689361957e-08
R_UPP3S	3.2623151620253327e-17
R_UPPDC1	3.2755923266563945e-17
R_UPPRT	0.0007451662147147382
R_PTD1INOtn_SC	-9.954337354400877e-11
R_URAt2	9.735077213659136e-09
R_PTD4INOtn_SC	3.328481934516958e-11
R_UREA2t2	-9.029628037282578e-05
R_UREASE	8.091634606799403e-08
R_PTE10x	0.0
R_URIDK2r	-0.30902522531547844
R_URIDK2rn	9.20240411650397e-09
R_PTE11x	0.0
R_PTE12x	0.0
R_PTE2x	0.0
R_PTE7x	0.0
R_PTE8x	6.320067521568666e-17
R_PTE9x	0.0
R_PTPATi	0.00394706172439373
R_PTPATim	9.918505499749277e-09
R_PTRCt3i	0.6452218096955658
R_PTRCtex2	0.7100408935845148
R_PUNP1	-0.10357689650738622
R_PUNP1m	0.0
R_PUNP2	-0.006390233186718719
R_PUNP3	-0.05110159788588153
R_PUNP3m	0.0
R_PUNP4	0.001240656358329817
R_PUNP5	-0.013921418395719254
R_PUNP6	0.007308625310819217
R_PUNP7	0.0021032783540591016
R_PYAM5PO	1.9301023044261766e-08
R_PYDAMK	0.036346988531787264
R_PYDXK	0.0
R_PYDXNK	0.0
R_PYDXNO	9.650511501035908e-09
R_PYDXO	1.9301023002071815e-08
R_PYK	3.4198609125666377
R_PYNP2r	-0.020740608494085544
R_PYR5CDm	0.051776648398264485
R_PYRDC	1.785505745930714
R_cit_nt	-9.96306726008811e-09
R_oaa_nt	9.96306726008811e-09
R_acl_n	9.963067300090386e-09
R_PACYL	0.01696972462728052
R_EX_PAC	0.01696972462728052
R_EX_protein_ac	0.01696972462728052
R_h_n	0.10429699403336234
R_HCYS_nt	-0.015572730431495652
R_AHCYS_nt	0.015572730431495652
R_AMETtn	0.015572730431495652
R_HCYSMT_n	3.990887642302902e-21
R_PMETHYL	0.015572730431495627
R_EX_PME	0.015572730431495627
R_EX_protein_me	0.015572730431495627
R_GLYCOGENt	1.714515098590599
R_EX_glycogen_e	-1.714515098590599
