,flux
R_CITtcp,9.938944498140423e-09
R_13BGH,0.02435588563406335
R_13BGHe,6.3229966494024e-09
R_13GS,0.030048490874063846
R_16GS,6.824730722885252e-21
R_23CAPPD,0.0
R_2DDA7Ptm,-0.0385084306150827
R_2DHPtm,0.0034057560063705
R_2DOXG6PP,0.0
R_2HBO,-0.0033835102578839
R_2HBt2,-0.0033835102578839
R_2HMHMBQMTm,0.0
R_2HP6MPMOm,0.0
R_2HPMBQMTm,0.0
R_2HPMMBQMOm,0.0
R_2MBACt,0.019696459623309952
R_EX_epistest_SC_e,0.0
R_EX_epist_e,0.0
R_2MBALDt,0.0001565331949625
R_2MBALDtm,0.0077942928895031495
R_2MBTOHt,0.1550705421568359
R_ACACT6p,1.5980472440324134e-07
R_2MBTOHtm,-0.0077942928895031495
R_ACACT7p,1.7978294106180208e-07
R_2MPPALt,0.00038092665820495003
R_ACACT8p,1.9973849101027937e-07
R_ACACT9p,1.9897960419695082e-08
R_ACALDCD,0.23137534944281124
R_ACALDt,-0.0352778045010445
R_ACALDtm,-0.18251011007920695
R_ACCOAC,0.00225780381778085
R_ACCOACrm,8.76611963018803e-08
R_AGAT_SC,0.0018383188268349
R_AGPRim,0.10256677090460176
R_AGTi,0.0075587080283648
R_AHCYStm,5.5511151231257815e-17
R_ACCOAtn,0.02099589878537935
R_2MPPALtm,0.011576271280301899
R_ACESt,0.04383670469171675
R_ACGAM6PS,-1.1102230246251563e-16
R_AHCi,0.02686509497334995
R_AHMMPS,9.877026423738376e-09
R_AHSERL,3.2944760030911413e-21
R_AHSERL2,0.058528921627052505
R_ACGAMPM,-8.326672684688674e-17
R_ACGKm,0.10256677090460176
R_2OBUTtm,0.17303890777327174
R_ACGSm,0.0
R_2OXOADPtim,0.0038046996655522
R_ACHBSm,0.1764374385762246
R_ACHLE1,0.0058330584281370505
R_2PHETOHt,-0.0642198384636938
R_ACHLE2,0.0033937750447867497
R_ACHLE3,0.0018848694012995
R_ACLSm,0.30513663103290156
R_2PHETOHtm,0.0035485152922660997
R_ACOAHim,0.00115701512190505
R_34HPLFM,9.957286668957197e-09
R_ACOAO4p,1.3980783396182071e-07
R_AICART,0.00425313038519145
R_AIRCr,0.0005088977791683
R_AKGDam,0.0039614536917198
R_AKGDbm,0.0039614536917198
R_ACOAO5p,1.498063122936945e-07
R_ACOAO6p,1.5980472547029713e-07
R_ACOAO7p,1.7978294212298692e-07
R_ACOAO8p,1.9973849205068422e-07
R_ACOAO9p,1.9897961481066196e-08
R_AKGMAL,-0.00046885957198175
R_AKGt2n,0.0
R_AKGt2r,-0.000469435553297
R_34HPPOR,3.6428273839445536e-19
R_AKGtp,9.45752742786965e-09
R_AKP1,0.0
R_ALASm,9.474241300160094e-09
R_ALATA_L,-0.2605794235256136
R_ALATA_Lm,-0.0876039641142583
R_ACOATA,0.0
R_ACOATAm,0.0
R_ACON3MT,0.0
R_ALATRS,3.491467115309742e-21
R_34HPPt2m,0.00344865434234925
R_ALAt2r,-0.35004819849893964
R_ALAtmi,0.0876039641142583
R_ACONT,0.1046442722673424
R_ACONT3m,0.0022332502346291503
R_ACONTm,0.01387883373804215
R_ACOTAim,0.10256677090460176
R_ALCD19y,7.291821964780385e-09
R_ALCD22xi,0.16565223245595578
R_ALCD22xim,0.0077942928895031495
R_34HPPt2p,1.9375310744695895e-08
R_ALCD22yi,0.0013204764346868001
R_ALCD23xi,0.24791688237275294
R_ALCD23xim,0.01157627128030185
R_ALCD23yi,0.0006748224352248
R_ALCD24xi,0.033634814820717895
R_ALCD24xim,0.0015945539848016
R_ACP1e,9.79118030415462e-09
R_ACPSm,0.002971073986091
R_ACRNtm,0.05997303089943405
R_ACRNtp,7.186888858557906e-07
R_ACS,0.28183316418291005
R_ACSm,0.01984110506135055
R_ACSp,0.0
R_ACt2r,-0.2661198558183752
R_ALCD24yi,9.172943419990254e-05
R_ALCD25xi,0.0748546295790995
R_ALCD25xim,0.00354851529226615
R_ALCD25yi,0.000205102488303
R_ACtm,-0.0349940635932747
R_3C3HMPt,1.190639248305203e-08
R_ACtp,-9.998674499467342e-09
R_ACtr,0.2468232872702043
R_ADA,0.0051183921951701
R_ADCL,0.0016566209731777
R_ALCD26xi,0.7831098013941517
R_ALCD26xim,0.035461317733013656
R_ALCD2x_copy1,0.8163395399004221
R_ALCD2ir,2.364968733682488
R_ALCD2irm,0.1288319565464867
R_ADCS,0.0016566209731777
R_3C3HMPtm,-0.034222654782969444
R_ADD,0.005251395560497
R_ADEt2,9.904309471225806e-09
R_ADEtm,5.5511151231257815e-17
R_ADHAPR_SC,0.0016542922552477
R_ADK1,0.32194271800748153
R_ADK1m,-0.05564357468773885
R_ADK3,0.08132783858823485
R_ALCD2x_copy2,0.6141179111088616
R_ALDD19xr,1.5840193698091064e-20
R_ALDD20xm,0.0
R_ALDD20y,1.0795583998967595e-08
R_ALDD20ym,0.0
R_ALDD22x,0.00449906160858795
R_ALDD2xm,0.0009644642057977
R_ALDD2y,0.1824490640031345
R_ALDD2ym,0.0527136893269225
R_ADK3m,0.07548469906700725
R_ADK4,0.1639121729104543
R_ADK4m,0.0
R_ADMDC,0.0073672935238323495
R_ADNCYC,0.0025728771307769
R_ADNK1,0.10359342688992351
R_ADNUC,0.02448211345458555
R_ALLTAHr,1.9625027838920953e-08
R_ALLTN,9.791802771386138e-09
R_ALLTNti,9.791802756831754e-09
R_ALLTTti,9.833225105513103e-09
R_ADNt2,9.916961611358642e-09
R_3C4MOPtm,0.0
R_ADPT,0.00035588717683189997
R_ADSK,0.17279233501671165
R_ALPHNH,1.201188937350779e-08
R_AMAOTr,0.0
R_ADSL1r,0.0242109013289091
R_AMETt2,9.937889818645151e-09
R_3DH5HPBMTm,0.0
R_AMETtm,-1.1102230246251565e-16
R_AMID,1.6475973907680596e-21
R_AMID2,0.0
R_AMID3,2.1316482772060383e-21
R_ADSL2r,0.0005088977791683
R_ADSS,0.0242109013289091
R_AMPN,0.0641852508616166
R_AMPDA,0.00459980424354125
R_3DH5HPBtm,0.0
R_AMPtn,0.0
R_ANPRT,0.0117126636847744
R_ATPS3v,0.0
R_3DSPHR,0.0
R_ATPtm_H,0.21520570826914048
R_ATPtp_H,1.400172088479038e-07
R_ANS,0.0
R_AOBUTDs,1.725046628557024e-08
R_AP4AH,0.002202226180381
R_APRTO2,0.0036106818591327998
R_ARAB14LO,0.0
R_BACCL,1.4559510720938836e-19
R_3HAO,1.237190310665345e-05
R_ARAB1D2,2.4207779348661444e-20
R_ARABR,9.786525513360488e-09
R_3HPH5MBDCm,0.0
R_ARAB_Dt,0.0
R_ARAB_Lt,9.7865255344054e-09
R_ARGN,9.652120401300134e-05
R_BPNT,0.1757634188475623
R_BTDD_RR,-0.40494622798644014
R_BTDt_RR,0.4049462279864401
R_3IPM3MT,1.0323573764169252e-21
R_BTNt2i,2.6159094902030236e-18
R_BTSr,0.0
R_C14STR,0.0001706746500734
R_C22STDS,1.6335514771575341e-06
R_C22STDSx,0.0001615854260391
R_C24STRer,0.00016320930533605
R_C3STDH1,0.0001706746500734
R_ARGSL,0.0009026466868852999
R_ARGSS,0.0009026466868852999
R_ARGTRS,2.5629106652449365e-20
R_ARGTRSm,2.574102773632462e-20
R_ARGt2m,0.0
R_ARGt2r,9.221100216727507e-09
R_ARGt6,4.389983443094511e-20
R_ARMT,9.448700947731788e-22
R_ASAD,-0.23912969929811845
R_C3STDH2,0.0001706746500734
R_C3STKR1,0.0001706746500734
R_C3STKR2,0.0001706746500734
R_ASNN,0.00016079224897885
R_C4STMO1,0.0001706746500734
R_ASNNe,0.00091969339505665
R_C4STMO2,0.0001706746500734
R_ASNS1,0.0015923703206168999
R_3MBALDt,4.9229324665112095e-06
R_ASNTRS,9.498969192480727e-21
R_ASNTRSm,9.610859306799318e-21
R_C5STDS,0.00016321897751625
R_C8STI,0.00016319941417995
R_ASNt2m,0.0
R_ASNt2r,-0.00092141068275185
R_3MBALDtm,0.00159455398480155
R_ASNt6,0.01767710756528755
R_ASNt7,0.01767710756528755
R_CAT,0.0024967038855784
R_CATp,8.792937022786097e-07
R_ASPCT,0.0041892157184129
R_3MOBDC,0.2605489027464846
R_ASPGLU2m,0.0013871865069517999
R_ASPGLUtp,-4.814170728728584e-10
R_ASPK,0.23912969929811845
R_ASPOcm,0.0
R_CBASPtn,0.0
R_CBPS,0.00509186240529825
R_CBPtn,0.0
R_CCP2m,1.939627108450863e-08
R_CDPDGPm_SC,-9.929280092579873e-09
R_ASPTA,-0.5095371111068814
R_ASPTAm,0.23697624874978251
R_3MOBtm,-0.3868136496098332
R_ASPTAp,-4.814170728728584e-10
R_ASPTRS,5.1454256452552925e-21
R_ASPTRSm,5.281796003475553e-21
R_CDPtn,-9.522846511345053e-09
R_CER1_24ter,5.234175315393941e-10
R_CER1_26ter,-5.846123030117667e-10
R_CER2_24ter,-5.231677313588533e-10
R_CER2_26ter,5.837444416734172e-10
R_ASPt2m,0.2383634352567344
R_ASPt2n,-0.05526630246700345
R_CERASE124er,0.6075893794381703
R_3MOPDC,0.17492353497510843
R_CERASE126er,0.6075893788843416
R_ASPt2r,-0.00069555479800855
R_ASPt5n,-0.05526630246700345
R_ASPt7,0.0
R_CERASE224er,1.3046668442436862
R_CERASE226er,1.3046668447973284
R_ATHRDHr,9.683073620703198e-09
R_3MOPt,-5.923116878692181e-06
R_ATP2tp_H,1.008603266911506e-15
R_ATPATF1,0.00220222618038095
R_ATPATF2,3.567610688885325e-19
R_ATPATF3,4.1980675535172035e-19
R_ATPH1,3.0604099861022635e-06
R_ATPM,0.0016439712414357999
R_CERH124_copy1,1.3164196147357798e-09
R_CERH126_copy1,1.3164195882766202e-09
R_CERS124,2.081519081874508e-09
R_CERS124er,0.6075893789147593
R_CERS126,0.0
R_CERS126er,0.607589379468588
R_CERS224,7.887376717768385e-09
R_CERS224er,1.3046668447669458
R_ATPPRT,0.00374423260602305
R_ATPS,0.00245764834270945
R_ATPS3g,9.98257488919484e-20
R_ATPS3m,0.3712595890773937
R_CERS226,0.0
R_CERS226er,1.3046668442133036
R_CERH124_copy2,1.0785812682652392e-09
R_CERH126_copy2,1.0785812420436413e-09
R_CITtbm,-0.0385084306150827
R_3MOPtm,-0.0098233729898448
R_CITtcm,0.0134702129328951
R_CERS324,7.834293752735191e-09
R_CERS326,2.33154954637856e-10
R_CHLPCTD,0.03588313576478725
R_CHLSTI,0.0
R_CLPNSm_SC,0.0
R_3OPHB5Hm,0.0
R_CMPN,0.0193548223413013
R_CHLt2,0.0
R_CHOLK,0.03588313576478725
R_CHORM,0.1175560124262556
R_CHORS,0.1192126180381615
R_CHRPL,0.0
R_CO2t,-4.690022901481357
R_CO2tg,0.0
R_CO2tm,-1.0348165504821774
R_CO2tn,-0.14752275840232454
R_CO2tp,9.938944500742508e-09
R_CHTNDA,1.3162887142624304e-20
R_CHTNS,2.3626002828067153e-20
R_CITt2r,-4.088400223922762e-08
R_CO2tv,-1.8331927463144382e-05
R_COAHLp,1.7286651898488267e-16
R_3OPHB_5tm,0.0
R_COAtim,0.004007380343681
R_CITtam,-0.07960592559095894
R_CITtap,1.8977218679827604e-07
R_COAtn,-0.0209958987853787
R_4ABUTNtm,0.0
R_COUCOAFm,9.957286668345576e-09
R_CPPPGO,5.1287018949823075e-17
R_4ABUTtm,0.0
R_CRNCARtm,0.0030969082695292
R_CRNCARtp,0.0
R_DCTPD,0.20474425400540713
R_DCYTD,0.08080002262710609
R_CRNt,4.163336342344337e-17
R_4ABZt,0.0016566209731778499
R_CRNtim,0.05997303089943405
R_DCYTt2,9.646717644341301e-09
R_CRNtp,7.186888858622039e-07
R_4ABZtm,-1.1102230246251563e-16
R_CSNATm,0.0630699391689633
R_DDPA,0.0807041874230788
R_DDPAm,0.0385084306150827
R_DESAT14,0.0
R_DESAT16,4.3771635778617915e-05
R_DESAT18,8.998634632381182e-05
R_CSNATp,7.090872568560336e-07
R_CSNATr,0.06306923008170645
R_CSND,0.01935483217816645
R_CSNt2,9.836865126655216e-09
R_CSm,0.11852297701118886
R_DESAT18_2,2.4903506481633094e-05
R_DGDPtn,8.390928063484182e-09
R_CSp,1.798332423305509e-07
R_DGGH,6.597593880799973e-20
R_4H2OGLTtm,9.671506207009628e-09
R_DGK1,-0.00028026343458955
R_DGSNt2,9.850101338135693e-09
R_CTPS1,0.04763426481300425
R_CTPS2,0.0006175159737721501
R_CTPtm,0.02272015499238255
R_DHAD1m,0.30513663103290156
R_4H2OGLTtp,-1.9375310744695895e-08
R_DHAD2m,0.1764374385762246
R_DHAK,0.41103736904370186
R_CYOOm,0.19894009183859418
R_CYOR_u6m,0.39760414430648794
R_DHAPtm,0.19636470806858086
R_DHFR,0.0036525196510120003
R_CYSS,0.00702983051281
R_4HBZCOAFm,9.957286343846616e-09
R_CYSTGL,0.3392874171483213
R_CYSTL,0.07966212912567544
R_CYSTLp,0.0
R_CYSTRS,6.556393319083073e-21
R_CYSTS,0.10351810740796605
R_DHFRim,0.0
R_DHFS,0.0
R_DHFtm,0.0
R_DHNPAm,0.0
R_DHNPTtm,-1.1102230246251563e-16
R_DHORD4i,8.007640621001786e-05
R_DHORDfum,0.0002209570346357
R_CYSTtp,-9.847350435077118e-09
R_CYSt2r,-0.0308526873233199
R_CYTD,0.02865663998003815
R_CYTDK2,0.023737791170054
R_DHORDi,0.0038881822775669
R_DHORTS,-0.00418921571841275
R_4HBZFm,9.957286019170448e-09
R_DHPSm,0.0
R_DHPTtm,5.5511151231257815e-17
R_DHQS,0.1192126180381615
R_DHQTi,0.1192126180381615
R_CYTDt2,9.871540768305946e-09
R_CYTK1,0.0186137989392442
R_CYTK2,0.2047281585325749
R_DADA,0.00523596918286195
R_DADK,-0.0015570075594040001
R_DIAT,0.00070919169255415
R_DINSt2,9.79213002291993e-09
R_DADNt2,9.863941908369454e-09
R_DIPS,0.0
R_DADPtn,-5.5511151231257815e-17
R_4HBZtm,-9.95728599573198e-09
R_DAGCPT_SC,0.03588313576478725
R_DAGPYP_SC,0.00674995448885915
R_DKMPPD2,0.0073672935238323495
R_DMATT,0.0003454357430104
R_DNMPPA,9.807892458751052e-09
R_DNTPPA,9.807892458425417e-09
R_DOLK,0.0
R_DOLPMMer,0.004052745658615
R_DANNt2,0.0
R_DASYN_SC,0.0082461837255961
R_DASYNm_SC,0.0227201549923825
R_DB4PS,9.952330962369265e-06
R_DBTS,0.0
R_DCDPtn,9.522846511345053e-09
R_DCMPDA,-0.2855402108613737
R_DOLPMTcer,0.00405274565862135
R_DOLPt2er,-0.0040527456586342
R_4HGLSDm,-0.23932623141950948
R_DPCOAK,0.00297106406899145
R_DPCOAKm,9.918328639530752e-09
R_DPGM,0.0
R_DPMVD,0.00103630722903145
R_ECOAH4p,-1.3980783358270854e-07
R_ECOAH5p,-1.4980631192137994e-07
R_DPR,0.0010933056022174
R_4HPRO_LTtm,0.0
R_DPRm,0.0034057560063705
R_ECOAH6p,-1.5980472512465427e-07
R_DRBK,4.534163697625242e-21
R_ECOAH7p,-1.7978294177163623e-07
R_ECOAH8p,-1.9973849171329994e-07
R_DROPPRy,4.97616548118564e-06
R_4HTHRS,0.0
R_DRTPPD,4.976165481185383e-06
R_EHGLAT,0.0
R_EHGLATm,0.0
R_EHGLATp,1.9375310749808622e-08
R_ENO,3.895034204866284
R_EPGALURSe,9.804751414468098e-09
R_EPISTAT_SC,2.312077400332686e-06
R_DTMPK,0.0035181897815306003
R_DTTPt,-0.0035181897815306498
R_DUMPtn,9.252348220911699e-09
R_DURIK1,0.09652968533601285
R_DURIPP,-0.0035678559154059
R_DURIt2,9.288225121094286e-09
R_DUTPDP,7.121405849473418e-06
R_EPISTESTH_SC,2.3120773490364565e-06
R_EPISTESTH_SCe,9.999442602714251e-07
R_EPISTt,1.9563336808164914e-08
R_DXHPScm,3.5068183014164855e-21
R_D_LACDcm,0.0001957946645855
R_EPMGH,0.0
R_4MOPDC,0.035326021172185945
R_ERGSTAT_SC,5.7495189657745445e-06
R_ERGSTESTH_SC,5.749518914550078e-06
R_ERGSTESTH_SCe,9.99944028981398e-07
R_ERGSTGLCT,2.907063679076702e-20
R_D_LACDm,5.418824331224641e-05
R_D_LACt2,-0.057105213123370746
R_D_LACt2m,-0.16393518118307665
R_D_LACtm,0.16398936942638886
R_E4HGLUtm,-9.671506207009628e-09
R_ERGSTt,-0.00015969782871595
R_ERGSTter,0.00016320930533605
R_ERGTETROLter,0.00016320930533605
R_E4HGLUtp,1.9375310744695895e-08
R_E4Ptm,0.03850843061508265
R_ETHAK,9.769084346166649e-09
R_5AOPt2,0.0
R_ETHAPT_SC,9.769191511299624e-09
R_ETHAt,9.769084374777748e-09
R_ETOHt,-1.019506534527974
R_ETOHtm,-0.12883195654648671
R_ECOAH11p,1.9897961127737784e-08
R_EX_ergst_e,0.00015970782815635
R_EX_ergstest_SC_e,0.0
R_EX_13BDglcn_e,0.0
R_EX_etha_e,0.0
R_EX_2hb_e,0.0033835102578839
R_EX_etoh_e,1.019506534527974
R_5AOPtm,-9.474241280393869e-09
R_EX_fe2_e,-2.838649236847743e-17
R_EX_fecost_e,0.0
R_EX_2mbac_e,0.019696459623309952
R_EX_2mbald_e,0.00015653319496255
R_EX_2mbtoh_e,0.1550705421568359
R_EX_2mppal_e,0.00038092665820490005
R_EX_2phetoh_e,0.06421983846369385
R_EX_fecostest_SC_e,0.0
R_EX_fmn_e,0.0
R_EX_3c3hmp_e,1.2155869225907434e-08
R_6PGLter,-0.00033592717681575
R_EX_3mbald_e,4.922932466494808e-06
R_EX_for_e,0.0164409300687491
R_EX_fru_e,0.0
R_EX_3mop_e,5.9231168786946455e-06
R_8AONNt2,0.0
R_EX_4abut_e,0.0021415550527327503
R_EX_fum_e,0.00060497487855195
R_EX_g3pc_e,0.0017133030412858
R_EX_4abz_e,0.0016566209731778
R_AABTN,0.0036106818591327998
R_EX_5aop_e,9.474240854161224e-09
R_EX_g3pi_e,9.999751993992753e-07
R_EX_gal_e,0.0
R_EX_8aonn_e,0.0
R_EX_Nbfortyr_e,0.0058205896004538
R_EX_abt_e,9.786525513680419e-09
R_EX_ac_e,0.0192965685481708
R_EX_acald_e,0.0352778045010445
R_EX_aces_e,0.04383670469171675
R_EX_galur_e,9.804751414468106e-09
R_EX_gam6p_e,0.09198380309432244
R_EX_gcald_e,9.877026326195023e-09
R_EX_glc__D_e,-1.0253239615751857
R_EX_gln__L_e,2.3477755672178223e-06
R_EX_glu__L_e,2.6180697493506545e-05
R_EX_glx_e,4.0360144398638385e-05
R_EX_ade_e,0.0
R_EX_adn_e,0.0
R_EX_akg_e,5.759813153173992e-07
R_EX_ala__L_e,0.3500481984989397
R_EX_gly_e,0.07442875462962381
R_EX_glyc_e,0.1805420537654655
R_AACTOOR,1.725046628561823e-08
R_EX_gsn_e,0.0
R_EX_gthox_e,2.5977916641538826e-09
R_EX_gthrd_e,8.037161675205444e-09
R_EX_alltn_e,0.0
R_EX_alltt_e,0.0
R_EX_amet_e,0.0
R_EX_arab__D_e,4.4604509145813274e-23
R_EX_arab__L_e,0.0
R_EX_gua_e,0.0
R_EX_arg__L_e,0.0
R_EX_h2o_e,-0.31769572483098507
R_AASAD1,6.238295282193776e-05
R_EX_h_e,-0.0201033174272291
R_EX_hdca_e,0.0
R_EX_hdcea_e,0.0
R_EX_asn__L_e,1.7172876952445266e-06
R_EX_asp__L_e,0.00161524819306515
R_EX_btd_RR_e,0.4049462279864401
R_EX_btn_e,5.1240756874158514e-17
R_EX_hexc_e,4.999721270465819e-08
R_AASAD2,0.0037423167127303
R_EX_his__L_e,0.0034116456061888
R_EX_hxan_e,0.0
R_EX_iamac_e,0.0089455563542623
R_EX_iamoh_e,0.0263755418854572
R_EX_ibutac_e,0.022031505034241353
R_EX_chol_e,8.848581301283883e-09
R_EX_cit_e,4.0884002218802406e-08
R_EX_co2_e,4.690022901481357
R_EX_crn_e,2.874696738845359e-18
R_EX_csn_e,0.0
R_EX_cys__L_e,0.030852687323319847
R_EX_cytd_e,0.0
R_EX_dad_2_e,0.0
R_EX_dann_e,1.2296326976518127e-19
R_EX_ibutoh_e,0.2381364710540383
R_EX_id3acald_e,0.0060378457944022
R_EX_ile__L_e,0.00054132113479425
R_EX_ind3eth_e,0.8185711191271654
R_EX_inost_e,9.656513951876085e-09
R_EX_dca_e,7.999792884616e-08
R_EX_dcyt_e,0.0
R_EX_ddca_e,2.399937865385021e-07
R_EX_ins_e,0.0
R_EX_k_e,-1.6592620190862063e-17
R_EX_dgsn_e,0.0
R_EX_din_e,0.0
R_EX_lac__D_e,0.0571052131233706
R_AATA,0.00380469966555225
R_EX_lac__L_e,0.03033670821729905
R_EX_lanost_e,2.0580466561203188e-06
R_EX_lanostest_SC_e,0.0
R_EX_dttp_e,0.0035181897815306498
R_EX_duri_e,0.0
R_EX_leu__L_e,8.101728067278616e-06
R_ABTA,0.00703515639564925
R_EX_lys__L_e,0.00236900736762485
R_EX_mal__L_e,0.0014071548100973
R_EX_malt_e,0.0
R_EX_ribflv_e,1.9725442233580368e-08
R_EX_sbt__D_e,0.8322789677223382
R_EX_man_e,0.0
R_ABTt,-9.7865255344054e-09
R_EX_melib_e,0.0
R_EX_met__L_e,0.016059626261887
R_EX_mmet_e,0.0
R_EX_na1_e,-2.0367268520638333e-18
R_EX_nac_e,1.6957170013816072e-08
R_EX_sbt__L_e,0.0
R_EX_ser__L_e,0.011558735624590501
R_EX_so3_e,0.1072335828768491
R_EX_so4_e,-0.17289266292013072
R_EX_spmd_e,0.0028682508703641
R_EX_sprm_e,0.0
R_EX_srb__L_e,9.725560003085892e-09
R_EX_succ_e,0.06273419853062465
R_EX_nadp_e,1.2343806968547015e-05
R_EX_nh4_e,-0.04297469844770285
R_EX_nmn_e,2.7329834170745018e-09
R_EX_sucr_e,0.0
R_EX_o2_e,-0.22238496253102008
R_EX_taur_e,3.136488562035601e-17
R_ABUTDm,9.129712309981007e-21
R_EX_thm_e,2.9233140416995113e-08
R_EX_oaa_e,3.4097835135944946e-05
R_EX_ocdca_e,0.0
R_EX_ocdcea_e,0.0
R_ABUTt2r,-0.0021415550527327503
R_EX_ocdcya_e,0.0
R_EX_orn_e,0.0075055739271605495
R_EX_thmmp_e,0.0
R_EX_thmpp_e,0.0
R_EX_thr__L_e,0.00026460518494905
R_EX_thym_e,0.00011627114413752712
R_EX_pacald_e,2.7680281881417394e-05
R_EX_pap_e,0.0
R_EX_thymd_e,1.8590694203340356e-09
R_ACACT1r,0.0
R_EX_tre_e,-0.2532752908084973
R_EX_trp__L_e,-0.8247638078515154
R_EX_pc_SC_e,0.0
R_EX_pectin_e,0.0
R_EX_pepd_e,0.0
R_EX_phe__L_e,4.2010123068909406e-05
R_EX_pheac_e,0.01438840889597475
R_EX_pi_e,-0.10527928749920425
R_EX_pnto__R_e,0.00449906160735725
R_EX_ttdca_e,5.446381406448346e-05
R_EX_tyr__L_e,0.02605351788261375
R_EX_ura_e,0.0
R_EX_urea_e,9.652881715144663e-05
R_EX_uri_e,0.0
R_EX_val__L_e,0.0019403341802767498
R_EX_xan_e,8.885263849461443e-08
R_EX_xtsn_e,0.0
R_EX_pro__L_e,0.0115650387988313
R_EX_ptd1ino_SC_e,0.0
R_EX_ptrc_e,0.06833821054077414
R_EX_pyr_e,0.0228087061053859
R_EX_xyl__D_e,0.0
R_EX_xylt_e,0.0
R_EX_rib__D_e,3.004273050285289e-09
R_ACACT1m,0.0010363162759163
R_EX_zymst_e,0.0
R_EX_zymstest_SC_e,0.0
R_FA100tp,0.0
R_ACACT4p,1.3980783284610275e-07
R_FA120ACPHi,-9.885886609328765e-09
R_FACOAL161,0.0006602241129669
R_FACOAL161p,-9.998599032057243e-09
R_FA120ACPtm,0.0
R_ACACT5p,1.4980631118107555e-07
R_FA120tp,0.0
R_FA140ACPHi,-9.784318411032444e-09
R_FACOAL180,0.00024292172547950002
R_FACOAL181,0.00091897841684155
R_FACOAL182,0.0003425947309775
R_FA140ACPtm,0.0
R_FACOAL240p,-1.9963345324058857e-08
R_FA140COAabcp,0.0
R_FA140tp,0.0
R_FA141ACPHi,-9.813065138253307e-09
R_FA141ACPtm,0.0
R_FACOAL260p,1.4994505463661323e-07
R_FACOAL80p,-1.9997231759383283e-08
R_FADFMNtm,9.918328886061733e-09
R_FALDH,0.0
R_FA141COAabcp,0.0
R_FAS161ACPm,0.0
R_FA141tp,0.0
R_FA160ACPHi,-9.272437817564594e-09
R_FA160ACPtm,0.0
R_FA160COAabcp,0.0
R_FAO141p_even,0.0
R_FAO141p_odd,0.0
R_FAO161p_even,0.0
R_FAO161p_odd,0.0
R_FAO181p_even,0.0
R_FA160tp,0.0
R_FA161ACPHi,-9.5363313357133e-09
R_FA161ACPtm,0.0
R_FAO181p_odd,0.0
R_FAS180,5.190513423457822e-05
R_FAO182p_eveneven,9.985677999387877e-09
R_FAO182p_evenodd,0.0
R_FAO182p_oddodd,0.0
R_FAO240p,0.0
R_FAO80p,1.2980928782317407e-07
R_FAS100,4.1944297055042626e-11
R_FA161COAabcp,0.0
R_FA161tp,0.0
R_FA180ACPH,6.652360079462127e-08
R_FA180ACPtm,6.652360080034752e-08
R_FA180COAabcp,1.9977408676241737e-07
R_FA181ACPH,-8.615829438785028e-09
R_FA181ACPtm,0.0
R_FA181COAabcp,0.0
R_FA182ACPH,-9.615732043943837e-09
R_FA182ACPtm,0.0
R_FA182COAabcp,0.0
R_FA240tp,0.0
R_FAS100ACPm,1.9960726654490195e-17
R_FAS100COA,0.0003266639813358
R_FAS120,7.606214634703194e-05
R_FAS120ACPm,2.494156601744954e-17
R_FAS120COA,0.0002449954967532
R_FAS140,0.00030422815651605
R_FAS140ACPm,1.9698951642086537e-08
R_FAS140COA,0.0
R_FAS141,0.0
R_FA260tp,1.499450556239189e-07
R_FA80tp,0.0
R_FACOAL100p,-1.9997163924756478e-08
R_FAS141ACPm,0.0
R_FACOAL120p,-1.999709883793166e-08
R_FACOAL140,0.0005196635605087499
R_FACOAL140p,-1.99970295877705e-08
R_FACOAL141,-9.39466510141429e-09
R_FACOAL141p,-9.998957634094197e-09
R_FAS160,0.000111068848808
R_FAS160ACPm,3.901960143167489e-08
R_FAS160COA,0.00011109675501025
R_FAS161,0.0
R_FACOAL160,0.0010873650015594
R_FACOAL160p,-1.999695317667083e-08
R_FAS180ACPm,6.652360079555506e-08
R_G3PDm,0.20730881426219894
R_FAS180COA,5.188554124401153e-05
R_GLUK,0.17568769970187595
R_G3PIt,0.0
R_FAS181,0.0
R_FAS181ACPm,0.0
R_FAS182ACPm,0.0
R_G3PT,0.5925870129292026
R_FAS240_L,0.0
R_G5SADs,0.10437274323672499
R_G5SADrm,-0.0882306619238427
R_FAS260,0.0
R_G5SD,0.0014071502901538
R_G5SD2,0.0835276552447137
R_GLUN,0.009253151310980999
R_GLUPRT,0.0005089076561947
R_G6PDA,0.0781535373439633
R_FAS80ACPm_L,1.4976308327771776e-17
R_G6PDH2r,0.6597968059946864
R_G6PDH2er,0.00033592717681575
R_G6PI,0.47314347471269214
R_G6PI3,0.6488311744145682
R_G6Pter,0.00033592717681575
R_GALIGH,-1.387778780781446e-17
R_GALKr,1.9627450282688834e-08
R_GALS3,9.888408272898733e-09
R_GALT,0.026069237847787502
R_GLUSx,0.11203671738927726
R_GLUTRS,5.151740941339777e-21
R_GLUTRSm,5.24417284294818e-21
R_GLUt2n,0.0
R_GLUt2r,-2.6180697493494165e-05
R_GLUt5m,0.0015131818812092
R_GLUt7,0.0
R_GLUt7m,0.01504243091532835
R_GLXt,4.0360144398621234e-05
R_GLXtp,-9.45752742786965e-09
R_GLYAT,0.0
R_GLYC3Ptm,0.1963646981393008
R_GALUi,0.1016212582402108
R_GALt2,9.73904204032501e-09
R_GAM6Pt,-0.0919838030943225
R_GAPD,4.1093256212470095
R_GLYCDy,0.41103736904370186
R_FAS80COA_L,0.0003266639813361
R_GLYCLm,0.0021714454496566003
R_GLYCt,0.976582747111798
R_GLYCt2,0.7960406933463325
R_GARFT,0.00050890765619475
R_GAT1_SC,0.0001840265715887265
R_GAT2_SC,0.0016542922552493001
R_GBEZ,0.083590278810072
R_GCALDt,-9.877026252436139e-09
R_GCALDtm,1.1102230246251563e-16
R_GCC2am,0.00305634527679655
R_GCC2bim,0.00305634527679655
R_GCC2cm_copy1,-0.32167583014148504
R_GCCam,0.0021611847515010003
R_GCCbim,0.0021611847515010498
R_GLYGS,0.083590278810072
R_GLYK,0.0010075974118571999
R_GLYOX,0.057355196031268305
R_GLYOXm,2.946770011284592e-20
R_GLYTRS,5.013940595977108e-21
R_GLYt2m,0.0147779515076692
R_GLYt2r,-0.074428754629624
R_GCCcm,0.0021611847515010003
R_GDPMANNtg,1.8245492262295932e-19
R_GMPS2,0.0002500750346022
R_GDPt3g,0.0
R_GND,0.6601327331715021
R_FAS80_L,0.0
R_GNNUC,0.0249924738652373
R_GDPtn,-8.390928063484182e-09
R_GF6PTA,0.17013734043828577
R_GPDDA1,2.160396253514032e-06
R_GGLGH,0.0
R_FBA,1.1230366256820101
R_GGTT,9.098021557241505e-18
R_GHMT2r,0.06243589364873485
R_GHMT2rm,-0.00738896655547355
R_GRTT,0.0003454357430104
R_GSNK,0.0350855354385044
R_GSNt2,9.911074599640497e-09
R_GK1,0.0017690037980213499
R_GK2,0.00162581598863565
R_GLCGSD,0.010116531509300499
R_GLCGSDv,0.11938693796874994
R_GSNt2m,0.0
R_GTHOr,0.0004290232898348
R_GTHOXti,0.0
R_GTHOm,0.0
R_GLCNtv,0.11938693796874994
R_FBA2,7.291822035071505e-09
R_GLCP,1.7642339929467665
R_GLCS2,0.01154371197231745
R_GTHPi,0.0004290258876262
R_GTHPm,-9.69670782557941e-09
R_GTHRDabcv,0.0
R_GTHRDt2,0.0
R_GLCt1,1.025323977744769
R_GLCtv,-0.5063930148942881
R_FBA3,0.9951047236571468
R_GLNS,0.3059287721870244
R_GLNTRS,5.025349345277042e-21
R_GTHS,1.3232745817385702e-08
R_GTMLT,0.0
R_GLNt2n,0.0
R_FBP,0.0007582394809383501
R_GLNt2r,-2.3477755672907104e-06
R_GLNt6,0.01767710756528755
R_GTPCI,0.0
R_GTPCII,4.976165481185869e-06
R_GTPH1,3.1305495149706834e-06
R_GLNt7,0.01767710756528755
R_GTPt2m,0.0754846990670073
R_GLPT,6.734053242536269e-20
R_FBP26,0.030854367938189804
R_GLU5K,0.0849348055348676
R_GLUCYS,1.3232745816536785e-08
R_GLUDC,0.0055660197122229
R_GUAD,2.3347905820402938e-06
R_GUAPRT,0.0002837795570519
R_GUAt2r,9.686559110377859e-09
R_GUAtm,-5.5511151231257815e-17
R_H2O2tn,2.716612268471863e-08
R_H2Ot,0.3167669671000902
R_GLUDxi,0.11125827614177294
R_GLUDy,-0.25281086168687716
R_H2Oter,-0.00017271787144579998
R_FCLTm,3.941202291004332e-20
R_H2Otm,-0.4662017097128124
R_H2Otn,-0.14752273123620185
R_H2Otp,1.0600243036673618e-06
R_HCITSm,0.00380469966555215
R_H2Otv,0.312889976431519
R_HCITSn,9.121232958907787e-21
R_FDH,0.0006041770801546501
R_HACD10p,1.9897960768650025e-08
R_HACD4p,-1.398078332166819e-07
R_FDNG,5.0600296016920696e-05
R_HACD5p,-1.4980631155882274e-07
R_HACD6p,-1.598047247655665e-07
R_HCO3E,0.727894247378538
R_HCO3Em,8.76611964129026e-08
R_HCO3En,0.14752275840232454
R_HACD7p,-1.7978294141601792e-07
R_HACD8p,-1.9973849133339552e-07
R_HCO3tn,-0.14752275840232454
R_HACNHm,0.0038046996655522
R_FE2t,2.838554385423194e-17
R_HBZOPT6m,1.0363451325311584e-17
R_FE2utm,0.714171368361668
R_HCYSMT,0.0031157082458974
R_HCYSt2p,9.847350435077118e-09
R_HDCAt,1.1897500086877003e-06
R_HDCEAt,3.964543443515945e-06
R_FECOSTAT_SC,2.3120774003337357e-06
R_HEMEOMOm,8.085015878567442e-21
R_HEMEOSm,0.0
R_HETZK,0.03693218646460265
R_FECOSTESTH_SC,2.3120773490354095e-06
R_HEX1,0.643075524935816
R_HEX4,9.810821139128968e-09
R_FECOSTESTH_SCe,9.99944368432143e-07
R_HEX7,0.0394730302008611
R_HEXCCOAtx,-1.3004709287223193e-07
R_HEXDPtm,0.0
R_ILEtmi,0.16661406558637976
R_FECOSTt,1.98164303751025e-08
R_HGNTOR,3.0940027705855694e-19
R_HICITDm,0.00380469966555225
R_FEtm,0.714171368361668
R_IMPC,-0.00425313038519145
R_FKYNH,0.011725040991866949
R_IMPD,0.0002478192639689
R_IND3ACtm,1.079558403782599e-08
R_HISTD,0.00374423260602305
R_FMETTRSm,5.100792282507784e-21
R_HISTP,0.00374423260602305
R_HISTRS,6.3413856451334985e-21
R_IND3ETHt,0.8185711191271654
R_IND3ETHtm,-0.035461317733013656
R_INDPYRD,0.8246089649215675
R_HISTRSm,6.453197387149442e-21
R_INSK,0.04843499419451415
R_FMNAT,9.918328885831273e-09
R_HISt2m,0.0
R_HISt2r,-0.0034116456061885
R_HISt6,5.322759630375104e-21
R_HKYNH,1.2371903106653453e-05
R_HMBS,5.104727499580864e-17
R_INSTt2,0.0
R_INSt2,9.89260883875744e-09
R_IPC124PLC_SC,0.00486105166061455
R_IPC126PLC_SC,0.00486105435303805
R_IPC224PLC_SC,0.0048610508008846
R_IPC226PLC_SC,0.0048610536650539
R_HMGCOAR,-0.00103630722903145
R_HMGCOAS,9.0468839364366e-09
R_HMGCOASm,-0.00103631627591595
R_IPC324PLC_SC,0.00486104958970465
R_IPC326PLC_SC,0.0048610517437239
R_HMGCOAtm,-0.0010363162759156
R_FMNATm,0.0
R_HMPK1,0.0369321963416291
R_HPPKm,9.36063126101623e-09
R_HPROa,8.537503768763892e-09
R_IPCS124_SC,0.00486105061684645
R_IPCS126_SC,0.0048610479244251
R_IPCS224_SC,0.0048610514765764
R_IPCS226_SC,0.0048610486124085
R_HPROb,0.0
R_HPROxm,0.0
R_IPCS324_SC,0.0048610526877568
R_IPCS326_SC,0.0048610505337372
R_HPROym,8.381352179708625e-09
R_FMNRx,8.537503771289392e-09
R_HSDxi,0.23526397295725093
R_IPDDI,0.00034543574301035
R_FMNRx2,0.0
R_IPDPtm,5.5511151231257815e-17
R_IPMD,0.03682098242892455
R_IPPMIa,-0.036820982428924454
R_IPPMIb,-0.036820982428924454
R_IPPS,0.0025983395523474498
R_HSDy,-0.0038657263408675
R_HSERTA,0.0619343798898308
R_HSK,0.1771953194082876
R_HSTPT,0.00374423260602305
R_HXANt2r,9.340877293873007e-09
R_HXPRT,0.00038945186480109995
R_HYPOE,0.034262614108460904
R_IAMACt,0.0089455563542623
R_IAMOHt,0.026375541885457147
R_IAMOHtm,-0.00159455398480155
R_IBUTACt,0.022031505034241353
R_IBUTOHt,0.23813647105403835
R_IBUTOHtm,-0.011576271280301899
R_ICDHxm,2.7941867132584984e-05
R_IPPSm,0.0342226547829695
R_ITCOALm,1.1102230246251565e-16
R_KARA1im,0.30513663103290156
R_KARA2im,0.1764374385762246
R_KYN,0.0117126690887603
R_KYN3OX,1.2371903106653497e-05
R_Kt2r,0.0
R_LALDO3,0.030362784076372752
R_LANOSTAT_SC,2.312077400318753e-06
R_ICDHyr,0.11051542829025925
R_ICDHym,0.0003806789380145
R_ICDHyp,0.0
R_ICL,0.0075990668489227
R_LANOSTESTH_SC,2.312077349050406e-06
R_FOLD3m,9.360631262117942e-09
R_LANOSTESTH_SCe,9.999441733551423e-07
R_LANOSTt,-2.043221431342196e-06
R_LCADi,0.030362784076372752
R_LCYSTintv,1.6875386640388786e-22
R_LEUTA,-0.0014949612567385
R_LEUTAm,0.0
R_LEUTRS,6.5584175762349904e-21
R_LEUTRSm,3.759657770332423e-21
R_ID3ACALDt,0.006037845794402251
R_ID3ACALDtm,0.035461306937429604
R_IG3PS,0.00374423260602305
R_IGPDH,0.00374423260602305
R_IGPS,0.0117126636847744
R_ILETA,0.1651060851021423
R_ILETAm,-0.16661406558637976
R_ILETRS,5.845478142104977e-21
R_ILETRSm,4.461883376292467e-21
R_ILEt2r,-0.00054132113479395
R_ILEt6,0.01767710756528755
R_ILEt7,0.01767710756528755
R_LEUt2r,-8.101728067311242e-06
R_LEUt6,0.01767710756528755
R_LEUt7,0.01767710756528755
R_LGTHL,0.057355196031268305
R_LNS14DM,0.0
R_LNS14DMx,0.0001706825423502
R_FORt,-0.0164409300687491
R_LNSTLS,0.0001727178715052
R_MACACI,2.048091821798755e-19
R_MALOAAtp,9.997855094923125e-07
R_LPCAT_SC,0.0001021135756707709
R_LPP_SC,0.0418906555980203
R_FORtm,8.922480742944497e-09
R_FRDPtm,0.0
R_FRDcm,0.7952407885807442
R_LSERDHr,0.0
R_LYSTRS,1.2483024881821612e-20
R_LYSTRSm,1.259485122228992e-20
R_LYSt2m,0.0
R_LYSt2r,-0.00236900736762485
R_MALS,2.775871451761852e-08
R_MALSp,0.0
R_MALT,9.750107875738263e-09
R_MALTt2,9.750107875736865e-09
R_MALt2r,-0.0009382952381156001
R_MALtm,0.24525784456073396
R_MAN1PT,0.004052739637167
R_LYSt6,1.760635703082258e-20
R_L_LACD2cm,2.607585907373797e-05
R_L_LACt2r,-0.0303367082172991
R_MAN6PI,-0.00405272982634585
R_L_LACtm,0.0
R_MANNANter,-0.00405274565861505
R_FRDm,1.0491222213600122
R_MANt2,9.810821139068281e-09
R_MCITDm,0.0038046996655521
R_MCITL2m,0.0022332502346291997
R_FRTT,9.042331143405587e-18
R_MCITSm,0.0022332502346291997
R_MCOATA,0.0
R_MCOATAm,8.766119605208013e-08
R_MIPC326PLC_SC,0.0
R_MIPCS124_SC,0.0
R_MIPCS126_SC,0.0
R_MDH,-0.5443711866170626
R_MIPCS224_SC,0.0
R_MDHm,0.07028355939013416
R_MDHp,-8.19470850066395e-07
R_MIPCS226_SC,0.0
R_MIPCS324_SC,1.063484718488971e-09
R_MIPCS326_SC,0.0
R_MMETt2,2.645613627828235e-22
R_FRUK,0.0
R_MDRPD,0.0073672935238323495
R_FRUt2,1.7129300460465252e-08
R_FTHFCL,2.171283899628908e-09
R_ME1m,0.009571840637676
R_ME2m,0.446221659633658
R_MOHMT,0.0044990616085879
R_MTAP,0.0073672935238323495
R_MELIBt2,9.888408272839136e-09
R_FTHFCLm,0.028860844580329
R_MELTGH,0.0
R_METAT,0.0342323785592924
R_MTHFC,0.0142209802738016
R_MTHFCm,8.922480719542047e-09
R_MTHFD,0.0013277288279314502
R_FTHFI,0.0
R_MTHFD2i,0.012893249274586351
R_MTHFDm,8.922480712603154e-09
R_MTHFR3,0.04006333428661705
R_METB1,0.00340544838575185
R_METS,0.04006333428661705
R_METTRS,7.041948383091145e-21
R_METTRSm,9.704538247650318e-21
R_METt2m,0.0
R_FTHFLi,0.0021822391397762
R_METt2r,-0.016059626261887
R_MTRI,0.007367293523832299
R_NABTNO,0.0036106818591327998
R_NACt,-1.6957170057008142e-08
R_NADDPp,4.557068750538754e-19
R_NADH2_u6cm,0.15972615633135356
R_NADH2_u6m,0.07212282921600245
R_NADK,0.0611394773765555
R_MEVK1,0.00026755136875585
R_MEVK2,0.00026581078241005
R_MEVK3,0.00024902740863085
R_MEVK4,0.00025391766923455004
R_MFAPS_SC,0.00174241028787845
R_MGSA,0.0877179628571749
R_MHPGLUT,4.408949122214951e-21
R_NADKm,0.0643900711922264
R_NADN,9.973254683588086e-20
R_NADNm,4.223198923628054e-19
R_MI13456PKn,0.0
R_FTHFLmi,0.0
R_MI1345PKn,0.0
R_MI1456PKn,0.0
R_MI145P6Kn,0.0
R_MI145PKn,0.0
R_NADPPPS,0.06112713356958665
R_NADPPPSm,0.0643900711922264
R_NADPt,1.234380696857329e-05
R_MI145Ptn,-4.632516592550928e-12
R_FUM,-0.21810109942730935
R_MI1PP,0.02919286605773545
R_MI1PS,2.655424471556208e-05
R_MINOHPtn,1.323663401109343e-12
R_NADS1,1.2353594119919257e-05
R_NADS1n,0.0
R_NADtn,0.0
R_MIP2C124PLC_SC,1.4315667816442049e-11
R_NAPRT,0.0
R_MIP2C126PLC_SC,3.034271580020965e-09
R_FUMAC,1.0019454812185547e-19
R_MIP2C224PLC_SC,0.0
R_MIP2C226PLC_SC,1.8385811123323626e-09
R_MIP2C324PLC_SC,0.0
R_MIP2C326PLC_SC,0.0
R_NAPRTm,5.2503620123034584e-17
R_NAt3_1,0.0
R_NDP1,0.00132960796564865
R_NDP3,0.0014620669949443
R_NDP3g,1.9777325961617806e-19
R_NDP4,0.001644382642127
R_MIP2CS124_SC,0.0
R_MIP2CS126_SC,0.0
R_NDP7,0.00130135427996625
R_MIP2CS224_SC,0.0
R_FUMm,0.20121328950977496
R_MIP2CS226_SC,0.0
R_MIP2CS324_SC,4.0483042321879297e-10
R_MIP2CS326_SC,0.0
R_MIPC124PLC_SC,0.0
R_NDPK1,0.24959150077218523
R_NDPK2,0.1762702945540334
R_NDPK3,0.01887800746144345
R_NDPK4,0.0035181897815306003
R_NDPK5,-6.588833863870031e-05
R_MIPC126PLC_SC,2.312841960615164e-09
R_NDPK6,-0.20480838877392035
R_FUMt2r,-0.00060497487855195
R_NDPK7,0.20472976079277924
R_NDPK8,0.0004321275908799
R_MIPC224PLC_SC,0.0
R_MIPC226PLC_SC,1.4056949873916659e-09
R_MIPC324PLC_SC,0.0
R_NDPK9,0.1639121729104543
R_NFORTYRt,0.0058205896004538
R_NFTYROX,0.0058205896004538
R_NH4t,0.7539574017145552
R_NH4ti,0.7100630098717952
R_NH4tm,-0.013020756515536601
R_NTD1,0.01216179750527545
R_G12MT1g,1.6566185951563246e-21
R_NTD10,0.0022514932309472503
R_NTD11,0.03321866009516995
R_NTD2,0.03335513402278515
R_NTD3,0.08080001298038844
R_NH4tn,0.0
R_NH4tp,9.847350435077118e-09
R_NMNAT,0.0
R_NMNATm,4.89862160167804e-19
R_NMNTP,0.0
R_NTD4,0.0523944212785514
R_G12MT2g,1.104668271976844e-21
R_NTD5,0.034320830659380644
R_NMNt2m,0.0
R_NMNt2p,0.0
R_NNAM,7.054167638909092e-09
R_G13MTg,1.1046433600325092e-21
R_NNAMrm,0.0
R_NTD6,0.00153894853678855
R_NTD7,0.01959845342448395
R_NNATr,1.2353594119919321e-05
R_NNATm,3.982146974200613e-19
R_NNDPR,1.2363497122291445e-05
R_NTD8,0.0019126067283063
R_NTD9,0.0334590136100968
R_NTP3,0.0015291129478099
R_G16MTg,1.6564428654366059e-21
R_G3PCt,-0.0017123030682640499
R_NNDPRm,2.0694168553414197e-17
R_G3PD1ir,0.7881259798319815
R_NNMT,4.7396468391773354e-21
R_NTP4,0.0016440027842477
R_NTRLASE,6.907783202486582e-22
R_NTRLASE2,2.4478442961723547e-21
R_NTRLASE3,4.70263502664312e-22
R_PEPDt3,6.0939044093594024e-21
R_G3PD1irm,0.010944106193618
R_PETHCT,9.769191588566918e-09
R_PETOHM_SC,0.0017424102878815001
R_PEtg_SC,0.0
R_O2t,0.22238496253102014
R_O2ter,0.0001727178715052
R_O2tm,0.19894004464190415
R_OAAt,3.409783513597109e-05
R_PEtm_SC,-1.746642369510054e-05
R_OAAt2m,-0.18650358089409846
R_PEtv_SC,-1.8331927459369626e-07
R_OBDHm,0.00223325023462955
R_PPM,-0.13654360450775227
R_OCBT,0.0009026466868853999
R_OCDCAt,3.5987009484283037e-07
R_OCDCEAt,2.3197724750198684e-06
R_OCDCYAt,3.698700385022126e-07
R_OHACT1,0.04572157409301625
R_PFK,1.1237948724547706
R_PFK26,0.030854367938189804
R_PFK_2,4.533912616328247e-21
R_PFK_3,0.9951047236571466
R_PGAMT,0.0
R_OHACT2,0.01477861478239945
R_PGCD,0.21429141638072474
R_PPNCL2,1.2306224155854015e-12
R_PGI,1.14380826486158
R_OHACT3,0.019696459623309952
R_OHACT4,0.025425280079028098
R_PGK,-4.1093256212470095
R_PGL,0.6601327331715021
R_PGM,-3.895034204866285
R_PGMT,1.6365435164862185
R_PGPPAm_SC,0.0
R_OHACT5,0.01438840889597475
R_OHPBAT,0.0
R_OMCDC,0.03682098242892455
R_OMCDCm,1.168421583160999e-20
R_OMPDC,0.0041892157184129
R_PHCDm,0.23932623141950954
R_PHCHGSm,-0.23932623141950954
R_PHEACt,0.01438840889597475
R_ORNDC,0.07481713379271135
R_PPND,0.00045539100577335
R_ORNTA,0.019437937701857352
R_ORNTACim,0.10256677090460176
R_ORNt2r,-0.0075055739271605495
R_ORNt3m,0.1025667709046018
R_PHETA1,-0.0007137054364598501
R_PHETRS,7.548383995983357e-21
R_PHETRSm,7.660273356925593e-21
R_PHEt2m,0.0
R_PHEt2r,-4.2010123068925154e-05
R_ORPT,-0.00418921571841275
R_OXAGm,0.00380469966555225
R_PI35BP5P_SC,0.0357678066082637
R_PPND2,0.0377509883424722
R_PI3P4K_SC,0.0
R_PI3P5K_SC,0.0357678032282716
R_OXO2Ctm,0.0
R_P5CDm,0.00375084222939445
R_PPNDH,0.07934963307801005
R_P5CR,0.10437274323672499
R_PACALDt,2.7680281881381497e-05
R_PACALDtm,0.0035485152922660997
R_PAK_SC,0.0418906555980234
R_PAN4Ptm,-0.0029710640677616997
R_PI45BP5P_SC,0.07841700413739089
R_PI45BPP_SC,0.0
R_PI4P5K_SC,0.0784169975150405
R_PIN3K_SC,0.0
R_PIN4K_SC,0.0
R_PIN4Kn_SC,0.0
R_PINOS_SC,0.02919285640122145
R_PIt2m,0.497561909949508
R_PANTS,0.00449906160858795
R_PANTtm,-0.0034057560063704495
R_PAPSR,0.17279233501671165
R_PAPt,9.844759618626853e-09
R_PIt2n,-9.95504439993411e-09
R_PIt2p,-1.4001720882728108e-07
R_PIt2r,0.10527932624299474
R_PAPtm,-0.002971073986091
R_PIt2v,0.0
R_PAtm_SC,0.0002272015499238
R_PPPG9tm,0.0
R_PC,0.8680673275458941
R_PCDAGAT,1.0211357567221832e-06
R_PIt5m,-0.0015131818812092
R_PLBP1I_SCe,1.999950398759279e-06
R_PLBPC_SC,0.0034289269290352
R_PDE1,0.0025728771307769
R_PLBPC_SCe,1.999946043549291e-06
R_PPPGOm,5.851233441586175e-20
R_PLD_SC,0.03588098421711505
R_PMANM,-0.0040527396371669005
R_PMDPHT,4.9761654811851e-06
R_PMETM_SC,0.00174241028787545
R_PDE2,0.0
R_PDE3,0.0
R_PDE4,0.0
R_PDE5,0.0
R_GCC2cm_copy2,0.3286936291100016
R_PDHm,0.07790532888296076
R_PDX5POi,-9.598405154020995e-09
R_PENDPtm,5.5511151231257815e-17
R_PMEVK,0.00103630722903145
R_PMI12346PH,0.01725599660281955
R_PMI12346PS,0.0172559966021577
R_PEPAT,5.8284655926399894e-21
R_PPTTm,2.744705041528628e-17
R_PMI1346PH,0.017255996602488652
R_PMI1346PS,0.017255996602488652
R_PMPK,0.0369321963416291
R_PPYRDC,0.0786359276415501
R_PNP,7.054167638909092e-09
R_PNTK,1.230730360901077e-12
R_PNTOt2,-0.0044990616073572
R_PYRDC2,0.1735708785436288
R_PYRt,0.8358510638730434
R_POLYAO,0.0036106818591327998
R_PRAGSr,0.00050890765619475
R_POLYAO2,0.00070919169255415
R_POLYAO3,0.00017918805690092532
R_PYRt2,0.8130423577676573
R_PYRt2m,0.33020387370689464
R_PRAIS,0.00050890765619475
R_PYRt2p,9.847350435077118e-09
R_QUILSYN,1.2371903106653433e-05
R_PPA,0.5865409014110256
R_PPAm,0.04256127937165115
R_PPBNGS,2.0417699102199435e-16
R_PPCDC,1.230406542876879e-12
R_PPCK,0.0006275230504472
R_PRAIi,0.0117126636847744
R_QULNS,0.0
R_PRAMPC,0.00374423260602305
R_QULNtm,-5.5511151231257815e-17
R_RAFGH,6.443278112627771e-20
R_RBFK,7.813943809203591e-19
R_SLCBK2,0.0
R_SLFAT,0.1641930291328583
R_RBFKm,5.971300852770909e-17
R_PRASCSi,0.0005088977791683
R_RBFSa,9.952330962369238e-06
R_RBFSb,4.976165481184441e-06
R_SO3ti,0.1072335828768491
R_SO4ti,0.17289266292013072
R_RBK,0.04947458431554985
R_SPH1Pter,6.080418349997203e-11
R_RIBFLVt2,0.0
R_PRATPP,0.00374423260602305
R_RIBFLVtm,0.0
R_SPHPL,2.3514282957255955e-14
R_RIBt2,0.0
R_PRFGS,0.00050890765619475
R_SPMDAT1,0.0029014901665786
R_RNDR1,0.00036331916164825
R_PRMICI,0.00374423260602305
R_RNDR1n,5.968448788281235e-17
R_SPMDt3i,0.917614313639139
R_SPMDtex2,0.9204825645095032
R_RNDR2,0.0002147633447583
R_RNDR2n,0.0
R_RNDR3,1.611783050915535e-06
R_RNDR3n,0.0
R_SPMS,0.006478923251937101
R_SPRMS,0.0008883702718952501
R_SPRMt2i,9.477559871697523e-09
R_SQ23EPXter,0.0001727178715052
R_SQLEr,0.00017271787149240002
R_SQLErx,1.2778913976712946e-14
R_RNDR4,9.341754226783175e-06
R_RNDR4n,0.0
R_SQLS,0.0001727178715052
R_RNMK,0.0
R_PRO1xm,0.09198150415323719
R_RNTR1,0.0011936883977558001
R_RNTR2,0.0017098911228863498
R_SQLter,0.0001727178715052
R_SRB_Lt,-9.72555996847646e-09
R_RNTR3,1.449321262801824e-05
R_PROTRS,5.912759459751019e-21
R_RNTR4,7.125617436251742e-05
R_RPE,0.3820654027544431
R_SSALy,0.00703515639564925
R_PROt2r,-0.01156503879883135
R_RPI,-0.2780573780860966
R_SACCD1,0.00380469966555235
R_SUCCt2r,-0.06273419853062459
R_SACCD2,0.0038046996655523
R_PROtm,0.09198150415323725
R_SADT,0.008599305883853301
R_SAM24MT,0.00016317959775015
R_SBPP1er,6.078698239068104e-11
R_SBPP2er,0.0
R_SBTD_D2,0.03947301307156065
R_SBTD_L,9.725560007734649e-09
R_SUCCtm,0.19501859505766767
R_SUCD1m,1.1481332816330292
R_SUCD2_u6m,0.6545454045084174
R_SUCD3_u6m,-0.488920922451513
R_SUCFUMtm,0.5523431752716595
R_SUCOASm,-0.0039614442174782
R_SUCRe,9.846586719509105e-09
R_SUCRt2,8.359187778190605e-21
R_SBTR,0.8717519807938989
R_SBT_Dt,-0.8322789677223383
R_SBT_Lt,9.72555996847646e-09
R_SERAT,0.00702983051281
R_SULR,0.0655587521398625
R_T4HCINNMFM,9.95728666875118e-09
R_SERPT,0.0
R_PRPPS,0.0238894042539916
R_SERTRS,2.4172821992153008e-21
R_SERt2m,0.015331208288939049
R_SERt2r,-0.0115587356245905
R_SFGTHi,0.0
R_TAGL_SC,0.00037367836730995
R_TALA,-0.7444657046007471
R_TAUDO,5.648184514173897e-20
R_TAURt,0.0
R_SHCHD,0.0
R_SHCHF,0.0
R_SHK3Dr,0.1192126180381615
R_SHKK,0.1192126180381615
R_SHSL1,0.3120259806329284
R_TCHOLAabcv,1.3828517518898823e-20
R_THFATm,0.028860844580329
R_THFGLUS,0.0
R_THIORDXi,0.006575539761278599
R_THIORDXm,-9.699563291443171e-09
R_THIORDXni,2.7166122706648836e-08
R_THIORDXp,-8.792937022938929e-07
R_SHSL4r,-0.3120259806329284
R_SLCBK1,6.085121960876074e-11
R_PRPPtm,0.0
R_THMDPe,9.596496184621619e-09
R_THMDt2,2.156341005498826e-09
R_THMP,0.06434449530473035
R_PSCVT,0.1192126180381615
R_THMPPt2m,0.0
R_THMPe,9.759617853857961e-09
R_THRt2r,-0.00026460518494905
R_THYMt3r,0.00011627114413754486
R_THZPSN1_SC,2.09060537427972e-09
R_THZPSN2_SC,7.786421050737488e-09
R_THMt2,0.0
R_PSERDg_SC,0.0
R_THRA2,0.0
R_TKT1,0.25063901905639924
R_PSERDm_SC,0.00174664236951185
R_TKT2,0.13142640101823785
R_TMDK1,0.0342045598125146
R_TMDPK,0.02741229896310125
R_THRA,0.021177813634272298
R_THRD_L,0.14916098151576285
R_THRD_Lm,0.005631781037582301
R_THRS,0.1771953194082876
R_THRTRS,6.630603104752626e-21
R_THRTRSm,6.735567490437564e-21
R_THRt2m,0.00563178103758235
R_URIK1,0.04007821365743955
R_TMDPP,0.00011627114413754486
R_TMDPPK,0.0
R_TMDS,0.00365251965101205
R_TMN,0.03693218646460265
R_TMPK,-0.0274122989631013
R_TMPPP,0.0369321963416291
R_TPI,1.8480452072048403
R_TRDOXtp,8.792937024049152e-07
R_TRDR,0.1829453604356051
R_PSERDv_SC,1.833192746314091e-05
R_TRDRDtp,-8.792937023494041e-07
R_TRDRm,0.0
R_TRE6PP,0.00250801443154485
R_URIK2,0.03728139278648945
R_URIt2,9.834567937968948e-09
R_UTPH1,2.8438356615052165e-06
R_UTPtm,9.776471224260251e-21
R_TRE6PS,0.00250801443154485
R_TREH,0.06216288313027275
R_PSERS_SC,-0.020946672675628848
R_TREHv,0.1935030384627691
R_VALTA,-0.11916734570241305
R_VALTAim,0.1158996733599012
R_VALTRS,3.737935340970012e-21
R_TREt2,0.2532752908084974
R_TREt2v,0.19350303846276914
R_VALTRSm,3.75671342673952e-21
R_PSERSm_SC,0.02272017484441265
R_VALt2m,0.11589967335990115
R_VALt2r,-0.00194033418027705
R_XANt,-8.885263852453917e-08
R_XPPT,0.00225374900158055
R_XTSNt2,9.832689689753156e-09
R_TRIGS_SC,0.00030467299977035003
R_TRPO2,0.011725040991866949
R_TRPS1,0.0117126636847744
R_TRPTA,0.8246089649215677
R_TRPTRS,4.029620124550676e-21
R_TRPTRSm,4.141322248101028e-21
R_TRPt2m,0.0
R_TRPt2r,0.8247638078515154
R_TTCCOAtx,-9.968896153011997e-09
R_XYLK,1.9410799493927894e-08
R_XYLR,9.87675650471122e-09
R_XYLTD_D,1.941079949392643e-08
R_XYLTt,9.534042999526093e-09
R_TTDCAtr,-5.398882860120855e-05
R_TYRNFT,0.01164117920090765
R_PSERT,0.21429141638072474
R_TYRTAi,0.03475770563058555
R_TYRTAim,0.00344864438506255
R_TYRTAip,1.937531074981366e-08
R_XYLt,9.876756468241156e-09
R_YUMPS,0.0
R_ZYMSTAT_SC,2.312077400335026e-06
R_ZYMSTESTH_SC,2.31207734903414e-06
R_TYRTRS,5.1543629509420186e-21
R_TYRTRSm,5.267437168581691e-21
R_ZYMSTESTH_SCe,9.999444394264505e-07
R_TYRt2m,-0.00344864438506255
R_PSPH1Pter,0.0
R_TYRt2p,-1.9375310744695895e-08
R_TYRt2r,-0.026053517882613952
R_TYRt6,0.0260339230065026
R_TYRt7,0.0260339230065026
R_UDPACGLP,0.0
R_ZYMSTt,1.9868253625654475e-08
R_BIOMASS_SC5_notrace,0.0050163951709556
R_SERD_L,0.02272162018544625
R_UDPG4E,-1.962745010963829e-08
R_PSPHPL,8.373105264395725e-14
R_UDPGALt2g,4.947759316733916e-20
R_UGLT,-0.026069218220337198
R_UGLYCH,1.962502783892095e-08
R_PSPHS,0.0
R_UMPK,0.04963657683099365
R_PSP_L,0.21429141638072474
R_UMPKn,-9.252348262545063e-09
R_UMPtn,-9.25234827642285e-09
R_PStg_SC,0.0
R_PStm_SC,-0.00020973532474889017
R_UNK3,0.0073672935238323495
R_UPP3MT,0.0
R_PStv_SC,1.833192746492074e-07
R_UPP3S,5.108017803774672e-17
R_UPPDC1,5.124596013370851e-17
R_UPPRT,0.0004391633942009408
R_PTD1INOtn_SC,-9.946193868515252e-11
R_URAt2,9.737978402161028e-09
R_PTD4INOtn_SC,3.3293812151669044e-11
R_UREA2t2,-9.652881715149775e-05
R_UREASE,1.201188937205444e-08
R_PTE10x,0.0
R_URIDK2r,-0.20481773052814706
R_URIDK2rn,9.25234815152276e-09
R_PTE11x,0.0
R_PTE12x,0.0
R_PTE2x,0.0
R_PTE7x,0.0
R_PTE8x,0.0
R_PTE9x,0.0
R_PTPATi,0.0029710640689918
R_PTPATim,9.918328963454187e-09
R_PTRCt3i,0.8855130684918263
R_PTRCtex2,0.9538512790326006
R_PUNP1,-0.0867303742248838
R_PUNP1m,0.0
R_PUNP2,-0.00369701078213145
R_PUNP3,-0.026618985782570298
R_PUNP3m,0.0
R_PUNP4,0.0019126165784076501
R_PUNP5,-0.010097932011565149
R_PUNP6,0.005235978974992049
R_PUNP7,0.00225150306363695
R_PYAM5PO,1.9196810324419206e-08
R_PYDAMK,0.03426263330527125
R_PYDXK,0.0
R_PYDXNK,0.0
R_PYDXNO,9.598405154020995e-09
R_PYDXO,1.919681030804199e-08
R_PYK,3.6572364918404086
R_PYNP2r,-0.0153478226065378
R_PYR5CDm,0.0882306619238427
R_PYRDC,1.9498920347346427
R_cit_nt,-9.955044288911807e-09
R_oaa_nt,9.955044288911807e-09
R_acl_n,9.955044346978169e-09
R_PACYL,0.02099590874042345
R_EX_PAC,0.02099590874042345
R_EX_protein_ac,0.02099590874042345
R_h_n,0.11061542196347955
R_HCYS_nt,-0.01835898593824685
R_AHCYS_nt,0.01835898593824685
R_AMETtn,0.01835898593824685
R_HCYSMT_n,1.0380827538718495e-20
R_PMETHYL,0.018358985938246947
R_EX_PME,0.018358985938246947
R_EX_protein_me,0.018358985938246947
R_GLYCOGENt,1.8012044725385679
R_EX_glycogen_e,-1.801204472538568
